CarID,Dimensions.Height,Dimensions.Length,Dimensions.Width
1,140,143,202
2,140,143,202
3,140,143,202
4,140,143,202
5,140,143,202
6,91,17,62
7,91,17,62
8,201,221,191
9,201,221,191
10,147,96,34
11,147,96,34
12,147,96,34
13,172,63,87
14,172,63,87
15,226,243,201
16,226,243,201
17,148,12,191
18,148,12,191
19,112,22,181
20,112,140,181
21,120,140,181
22,112,22,181
23,112,140,181
24,120,140,181
25,112,22,181
26,112,140,181
27,120,140,181
28,77,60,219
29,77,60,219
30,77,60,219
31,77,60,219
32,22,60,219
33,22,60,219
34,24,60,224
35,24,60,224
36,77,102,237
37,82,215,240
38,85,215,237
39,85,215,237
40,77,102,237
41,82,215,240
42,43,52,52
43,35,75,52
44,35,75,52
45,167,168,247
46,167,168,247
47,167,155,247
48,167,155,247
49,193,34,107
50,99,195,153
51,110,199,153
52,99,195,153
53,99,195,153
54,118,170,184
55,108,170,184
56,185,170,184
57,185,170,184
58,195,170,184
59,120,7,44
60,119,230,44
61,119,230,44
62,172,123,234
63,172,123,234
64,172,123,234
65,190,123,234
66,203,19,72
67,203,19,72
68,203,19,72
69,203,14,72
70,213,243,69
71,213,243,69
72,213,243,69
73,213,243,69
74,177,169,234
75,193,169,234
76,177,169,234
77,175,19,97
78,175,19,97
79,175,19,97
80,175,19,97
81,66,230,69
82,66,230,69
83,66,230,69
84,66,230,69
85,24,216,133
86,24,216,24
87,93,216,133
88,24,216,133
89,24,216,133
90,247,200,105
91,247,200,105
92,247,200,105
93,247,200,105
94,10,215,69
95,24,216,133
96,24,216,133
97,24,216,133
98,93,216,133
99,24,216,133
100,24,216,133
101,143,196,203
102,152,240,57
103,152,240,57
104,152,240,57
105,152,240,57
106,152,240,57
107,152,240,57
108,152,240,57
109,152,240,57
110,45,150,57
111,45,150,57
112,45,150,57
113,45,150,57
114,45,150,57
115,45,150,57
116,45,150,57
117,45,150,57
118,143,196,203
119,35,150,52
120,35,150,52
121,35,150,52
122,35,150,52
123,143,196,203
124,35,150,52
125,35,150,52
126,35,150,52
127,35,150,52
128,147,95,248
129,147,95,248
130,147,95,214
131,147,95,214
132,193,57,186
133,193,57,186
134,193,57,186
135,193,57,160
136,193,57,160
137,193,57,160
138,167,168,247
139,167,168,247
140,167,155,247
141,167,155,247
142,147,95,34
143,147,95,34
144,172,123,234
145,190,123,234
146,156,95,248
147,156,95,214
148,155,95,34
149,152,240,57
150,152,240,57
151,152,240,57
152,152,240,57
153,152,240,57
154,152,240,57
155,152,240,57
156,193,226,186
157,193,226,186
158,193,226,160
159,193,226,160
160,58,66,54
161,195,66,54
162,195,66,54
163,195,66,54
164,195,66,54
165,195,66,54
166,195,66,54
167,195,66,54
168,195,71,54
169,206,155,57
170,206,155,57
171,35,150,57
172,35,150,57
173,35,150,57
174,35,150,57
175,205,155,57
176,206,155,57
177,206,155,57
178,191,198,29
179,191,198,29
180,191,198,29
181,191,198,29
182,191,198,29
183,186,198,29
184,186,198,29
185,186,198,29
186,191,198,29
187,191,198,29
188,185,181,31
189,185,181,31
190,208,93,186
191,208,93,186
192,208,93,186
193,208,93,186
194,208,93,186
195,208,93,186
196,208,93,186
197,208,93,186
198,208,93,186
199,208,93,186
200,208,93,186
201,208,93,186
202,208,93,186
203,208,93,186
204,208,93,186
205,139,242,3
206,139,242,3
207,213,243,69
208,213,243,69
209,175,19,97
210,175,19,97
211,175,19,97
212,66,230,69
213,66,230,69
214,247,200,105
215,247,200,105
216,139,242,3
217,139,242,3
218,191,197,29
219,191,198,29
220,191,198,29
221,191,198,29
222,191,198,29
223,186,198,29
224,186,198,29
225,186,198,29
226,191,216,29
227,191,198,29
228,247,200,105
229,247,200,105
230,175,19,97
231,175,19,97
232,175,19,97
233,193,169,234
234,218,169,234
235,124,198,152
236,109,195,123
237,99,195,123
238,208,93,188
239,208,93,188
240,208,93,188
241,208,93,188
242,109,195,135
243,109,195,125
244,117,195,135
245,210,34,107
246,186,220,227
247,186,220,227
248,186,220,227
249,186,202,227
250,186,202,227
251,13,24,156
252,101,14,227
253,103,17,228
254,102,202,196
255,104,202,196
256,92,17,189
257,92,17,189
258,61,234,194
259,92,17,189
260,92,17,189
261,92,17,62
262,92,17,62
263,92,17,62
264,43,232,194
265,13,24,156
266,195,71,54
267,102,207,196
268,195,86,54
269,195,86,54
270,195,86,54
271,195,86,54
272,195,86,54
273,195,86,54
274,195,86,54
275,195,86,54
276,195,86,54
277,102,202,196
278,61,234,194
279,43,232,194
280,172,19,242
281,172,19,242
282,172,19,242
283,172,19,242
284,172,19,242
285,172,19,242
286,172,19,242
287,172,19,242
288,172,19,242
289,172,19,242
290,172,19,242
291,172,19,242
292,186,187,224
293,186,187,224
294,186,187,224
295,186,187,224
296,186,187,224
297,186,187,224
298,186,187,224
299,186,187,224
300,19,63,113
301,37,63,113
302,37,63,113
303,188,61,82
304,179,63,237
305,177,202,244
306,177,202,244
307,177,202,244
308,177,202,244
309,177,202,244
310,177,202,244
311,177,202,244
312,177,202,244
313,177,202,244
314,177,202,244
315,177,202,244
316,177,202,244
317,177,202,244
318,177,202,244
319,177,202,244
320,177,202,244
321,177,202,244
322,19,63,113
323,37,63,113
324,37,63,113
325,194,177,118
326,194,177,118
327,194,177,118
328,224,177,118
329,224,177,118
330,224,177,118
331,224,177,118
332,224,177,118
333,194,177,118
334,194,177,118
335,194,177,118
336,224,177,118
337,224,177,118
338,224,177,118
339,224,177,118
340,224,177,118
341,224,177,118
342,132,134,105
343,132,134,105
344,132,134,105
345,88,87,179
346,88,87,179
347,13,14,229
348,13,14,229
349,13,14,229
350,13,14,229
351,24,14,229
352,38,95,189
353,38,95,189
354,1,95,189
355,38,95,189
356,1,95,189
357,38,20,189
358,38,20,189
359,38,20,189
360,38,20,189
361,38,20,189
362,38,20,189
363,38,20,189
364,38,20,189
365,13,14,229
366,13,14,229
367,13,42,229
368,13,42,229
369,24,42,229
370,23,42,229
371,23,42,229
372,13,14,229
373,189,155,222
374,189,155,222
375,189,155,222
376,168,155,222
377,168,155,222
378,168,155,222
379,223,204,244
380,223,204,244
381,223,204,244
382,223,204,244
383,223,204,244
384,223,204,244
385,223,204,244
386,226,214,173
387,226,214,173
388,226,214,173
389,226,214,173
390,226,214,173
391,137,215,62
392,137,190,62
393,137,190,62
394,137,190,62
395,179,52,237
396,179,52,220
397,226,79,142
398,226,79,142
399,226,79,142
400,226,79,142
401,226,79,142
402,179,52,220
403,198,69,220
404,198,69,220
405,140,105,91
406,180,17,63
407,191,147,63
408,189,155,222
409,189,155,222
410,168,155,222
411,168,155,222
412,168,155,222
413,189,155,222
414,164,198,236
415,164,198,236
416,115,140,158
417,115,140,158
418,115,140,158
419,115,140,158
420,117,21,41
421,117,21,41
422,117,21,41
423,117,21,41
424,135,134,105
425,135,134,105
426,135,134,105
427,117,21,41
428,117,20,88
429,117,105,214
430,117,105,214
431,117,105,214
432,117,105,214
433,117,105,214
434,117,105,214
435,117,105,214
436,117,105,214
437,201,225,129
438,201,225,129
439,201,225,129
440,141,249,107
441,226,79,142
442,226,79,142
443,226,79,142
444,226,79,142
445,226,79,142
446,195,195,82
447,195,196,83
448,195,60,83
449,195,60,83
450,141,249,107
451,159,249,107
452,170,18,163
453,170,18,163
454,170,18,163
455,170,18,163
456,195,196,83
457,195,196,83
458,195,60,83
459,195,60,83
460,190,206,158
461,190,206,158
462,190,206,158
463,190,206,158
464,190,206,158
465,190,206,158
466,190,206,158
467,190,206,158
468,190,206,158
469,190,206,158
470,170,16,163
471,170,16,163
472,190,183,158
473,190,183,158
474,190,183,158
475,190,183,158
476,210,45,57
477,210,45,57
478,210,30,57
479,210,30,57
480,201,225,129
481,201,225,129
482,201,225,129
483,201,223,191
484,201,223,191
485,201,223,191
486,148,12,24
487,148,12,24
488,148,12,24
489,148,12,24
490,148,12,62
491,148,12,62
492,148,12,62
493,148,12,62
494,208,12,62
495,208,12,62
496,208,12,62
497,208,12,62
498,115,140,158
499,115,140,158
500,172,123,234
501,109,228,125
502,109,228,125
503,109,228,125
504,109,228,125
505,109,228,125
506,109,228,125
507,109,228,125
508,109,228,125
509,33,28,229
510,33,28,229
511,109,228,125
512,109,228,125
513,109,228,125
514,109,228,125
515,109,228,125
516,109,228,125
517,109,228,125
518,109,228,125
519,150,22,234
520,150,22,234
521,150,22,234
522,132,9,211
523,132,9,211
524,132,9,211
525,132,9,211
526,96,228,125
527,96,228,125
528,96,228,125
529,96,228,125
530,96,228,125
531,96,228,125
532,96,228,125
533,96,228,125
534,96,228,125
535,96,228,125
536,150,22,234
537,165,22,234
538,155,176,239
539,155,176,239
540,155,176,239
541,155,176,239
542,155,176,239
543,155,176,239
544,155,176,239
545,155,176,239
546,155,176,239
547,155,176,239
548,200,153,239
549,200,153,239
550,200,153,239
551,200,153,239
552,200,153,239
553,162,233,41
554,162,233,41
555,162,233,41
556,162,233,41
557,162,233,41
558,162,233,41
559,162,233,41
560,162,233,41
561,162,233,41
562,137,190,62
563,137,190,62
564,137,190,62
565,165,233,41
566,165,233,41
567,165,233,41
568,165,233,41
569,165,233,41
570,165,233,41
571,165,233,41
572,165,233,41
573,165,233,41
574,165,233,41
575,165,233,41
576,165,233,41
577,165,233,41
578,165,233,41
579,165,233,41
580,165,233,41
581,165,233,41
582,165,233,41
583,165,233,41
584,165,233,41
585,180,176,239
586,180,176,239
587,180,176,239
588,180,176,239
589,201,221,191
590,180,244,239
591,180,244,239
592,180,244,239
593,180,244,239
594,119,128,229
595,119,128,229
596,119,128,229
597,119,128,229
598,228,82,138
599,228,82,138
600,180,176,239
601,180,176,239
602,180,176,239
603,180,176,239
604,180,176,239
605,180,176,239
606,180,176,239
607,228,79,237
608,228,83,237
609,238,133,229
610,238,133,229
611,238,133,229
612,238,133,229
613,238,123,229
614,238,123,229
615,238,123,229
616,238,123,229
617,238,123,229
618,238,123,229
619,238,123,229
620,238,123,229
621,238,123,229
622,238,123,229
623,210,38,97
624,210,38,97
625,200,122,97
626,195,122,97
627,200,122,97
628,119,128,229
629,119,128,229
630,119,128,229
631,119,128,229
632,175,235,39
633,175,235,39
634,175,235,39
635,175,235,39
636,175,235,39
637,117,105,214
638,117,105,214
639,117,105,214
640,117,105,214
641,117,105,214
642,117,105,214
643,117,105,214
644,117,105,214
645,117,105,214
646,170,235,39
647,200,192,13
648,200,192,13
649,200,192,13
650,200,192,13
651,200,192,13
652,200,192,13
653,190,143,158
654,190,143,158
655,190,143,158
656,195,111,97
657,200,111,97
658,200,111,97
659,195,111,97
660,104,22,72
661,104,22,72
662,104,22,72
663,104,22,72
664,104,22,72
665,104,22,72
666,104,22,72
667,104,22,72
668,104,22,72
669,104,22,72
670,104,22,72
671,104,22,72
672,104,22,72
673,104,22,72
674,104,22,72
675,104,22,72
676,104,22,72
677,104,22,72
678,104,22,72
679,104,22,72
680,104,22,72
681,104,22,72
682,104,22,72
683,104,22,72
684,104,22,72
685,104,22,72
686,104,22,72
687,104,22,72
688,157,118,3
689,188,115,242
690,188,115,242
691,137,169,85
692,137,169,85
693,137,169,85
694,137,169,85
695,137,169,85
696,137,169,85
697,137,169,85
698,137,169,85
699,119,169,85
700,165,22,234
701,137,169,85
702,137,169,85
703,137,169,85
704,137,169,85
705,137,169,85
706,137,169,85
707,137,169,85
708,137,169,85
709,144,169,85
710,144,169,85
711,144,169,85
712,144,169,85
713,137,169,85
714,137,169,85
715,137,169,85
716,137,169,85
717,144,169,85
718,144,169,85
719,144,169,85
720,144,169,85
721,137,169,85
722,137,169,85
723,137,169,85
724,137,169,85
725,150,22,234
726,157,118,3
727,165,22,234
728,165,22,234
729,150,22,234
730,150,22,234
731,190,175,158
732,190,175,158
733,190,185,158
734,190,185,158
735,190,185,158
736,190,185,158
737,188,115,242
738,190,153,158
739,190,153,158
740,190,153,158
741,190,153,158
742,190,153,158
743,74,8,249
744,74,8,249
745,74,8,249
746,74,8,249
747,74,8,249
748,96,228,125
749,96,228,125
750,96,228,125
751,96,228,125
752,96,228,125
753,96,228,125
754,96,228,125
755,96,228,125
756,96,228,125
757,96,228,125
758,96,228,125
759,132,169,85
760,132,169,85
761,132,169,85
762,132,169,85
763,132,169,85
764,132,169,85
765,132,169,85
766,132,169,85
767,74,8,249
768,74,8,249
769,74,8,249
770,74,8,249
771,74,8,249
772,74,8,249
773,74,8,249
774,144,169,85
775,144,169,85
776,144,169,85
777,144,169,85
778,144,169,85
779,144,169,85
780,144,169,85
781,144,169,85
782,228,83,138
783,228,79,112
784,224,10,191
785,239,10,191
786,127,172,85
787,119,172,85
788,139,172,85
789,104,172,85
790,104,172,85
791,139,172,85
792,24,10,191
793,36,10,191
794,224,202,191
795,224,10,191
796,224,10,191
797,220,79,113
798,188,115,242
799,220,83,113
800,173,63,92
801,173,63,92
802,173,63,92
803,173,63,92
804,173,63,92
805,173,63,92
806,173,63,92
807,173,63,92
808,173,63,92
809,163,63,92
810,163,63,92
811,126,109,248
812,96,228,125
813,96,228,125
814,96,228,125
815,96,228,125
816,96,228,125
817,96,228,125
818,96,228,125
819,96,228,125
820,96,228,125
821,96,228,125
822,147,95,214
823,173,63,92
824,173,63,92
825,173,63,92
826,208,63,92
827,208,63,92
828,208,63,92
829,208,63,92
830,208,63,92
831,208,63,92
832,198,52,92
833,198,52,92
834,99,87,62
835,99,87,62
836,99,87,62
837,99,87,62
838,99,87,62
839,99,98,62
840,99,98,62
841,200,105,249
842,200,105,249
843,200,105,249
844,99,87,62
845,99,87,62
846,99,87,62
847,99,87,62
848,99,87,62
849,99,98,62
850,99,98,62
851,126,109,34
852,158,255,8
853,158,255,8
854,158,255,8
855,158,255,8
856,158,255,8
857,158,255,8
858,158,255,8
859,155,151,216
860,117,105,214
861,155,151,216
862,155,151,216
863,155,151,216
864,155,151,216
865,155,151,216
866,155,151,216
867,155,151,216
868,155,151,216
869,155,151,216
870,155,151,216
871,155,151,216
872,155,151,216
873,41,20,57
874,41,20,57
875,52,20,57
876,52,20,57
877,36,20,57
878,52,20,57
879,41,20,57
880,54,20,57
881,52,20,57
882,188,68,97
883,188,68,97
884,188,68,97
885,188,68,97
886,188,68,97
887,188,68,97
888,188,68,97
889,188,68,97
890,188,68,97
891,188,68,97
892,188,68,97
893,188,68,97
894,188,68,97
895,188,68,97
896,188,68,97
897,188,68,97
898,188,68,97
899,188,68,97
900,5,33,143
901,5,33,143
902,5,33,143
903,5,33,143
904,5,33,143
905,5,33,143
906,5,33,143
907,5,33,143
908,5,33,143
909,5,33,143
910,5,33,143
911,5,33,143
912,5,33,143
913,5,33,143
914,5,33,143
915,200,105,249
916,200,105,249
917,200,105,249
918,200,105,249
919,200,105,249
920,165,70,138
921,165,70,138
922,165,70,138
923,165,70,138
924,165,70,138
925,165,70,138
926,165,70,138
927,200,105,249
928,200,105,249
929,89,27,228
930,89,27,228
931,165,70,138
932,165,70,138
933,165,70,138
934,165,70,138
935,165,70,138
936,165,70,138
937,165,70,138
938,165,108,133
939,165,108,133
940,165,108,133
941,165,108,133
942,165,108,133
943,165,108,133
944,165,108,133
945,165,108,133
946,92,17,62
947,92,17,62
948,165,70,138
949,165,70,138
950,165,70,138
951,89,27,62
952,89,27,62
953,169,52,237
954,169,52,220
955,155,151,216
956,155,151,216
957,155,151,216
958,155,151,216
959,155,151,216
960,155,151,216
961,155,151,216
962,155,151,216
963,155,151,216
964,155,151,216
965,155,151,216
966,155,151,216
967,155,151,216
968,212,108,135
969,212,108,135
970,212,108,135
971,212,108,135
972,212,108,135
973,212,108,135
974,212,108,135
975,212,108,135
976,212,108,135
977,223,82,52
978,223,82,52
979,223,82,52
980,223,82,52
981,223,82,52
982,223,82,52
983,223,82,52
984,223,82,52
985,52,20,57
986,36,20,57
987,41,20,57
988,52,20,57
989,54,20,57
990,52,20,57
991,41,20,57
992,214,15,161
993,214,23,161
994,214,15,161
995,214,23,161
996,41,25,57
997,52,25,57
998,52,25,57
999,54,25,57
1000,36,25,57
1001,52,25,57
1002,52,25,57
1003,41,25,57
1004,115,23,161
1005,214,23,161
1006,214,23,161
1007,214,15,161
1008,148,75,16
1009,148,75,16
1010,150,75,16
1011,150,75,16
1012,190,212,41
1013,190,212,41
1014,190,212,41
1015,190,212,41
1016,190,212,41
1017,190,212,41
1018,190,212,41
1019,190,212,41
1020,190,212,41
1021,190,212,41
1022,190,212,41
1023,190,212,41
1024,190,212,41
1025,190,212,41
1026,190,212,41
1027,190,212,41
1028,193,190,39
1029,193,190,39
1030,193,190,39
1031,193,190,39
1032,193,190,39
1033,193,190,39
1034,193,190,39
1035,193,190,39
1036,193,190,39
1037,114,239,203
1038,114,239,203
1039,13,233,153
1040,13,233,153
1041,13,233,153
1042,13,233,153
1043,13,233,153
1044,13,233,153
1045,13,233,153
1046,13,233,153
1047,244,8,158
1048,244,8,158
1049,244,8,158
1050,244,8,158
1051,185,212,41
1052,120,47,29
1053,148,47,29
1054,120,47,29
1055,120,47,29
1056,120,47,29
1057,120,47,29
1058,120,47,29
1059,148,47,29
1060,148,47,29
1061,148,47,29
1062,109,73,79
1063,109,73,79
1064,109,73,79
1065,109,73,79
1066,109,73,79
1067,109,73,79
1068,109,73,79
1069,191,5,135
1070,191,5,135
1071,191,5,135
1072,191,5,135
1073,191,5,135
1074,191,5,135
1075,191,5,135
1076,191,5,135
1077,191,5,135
1078,244,8,158
1079,244,8,158
1080,244,8,158
1081,244,8,158
1082,191,5,135
1083,191,5,135
1084,191,5,135
1085,191,5,135
1086,191,5,135
1087,191,5,135
1088,191,5,135
1089,191,5,135
1090,191,5,135
1091,191,5,135
1092,109,73,79
1093,109,73,79
1094,109,73,79
1095,109,73,79
1096,109,73,79
1097,109,73,79
1098,120,47,29
1099,148,47,29
1100,148,47,29
1101,148,47,29
1102,148,47,29
1103,148,47,29
1104,148,47,29
1105,120,47,29
1106,148,47,29
1107,148,47,29
1108,220,79,237
1109,220,83,237
1110,191,5,135
1111,191,5,135
1112,191,5,135
1113,191,5,135
1114,191,5,135
1115,191,5,135
1116,191,5,135
1117,191,221,143
1118,191,221,143
1119,191,221,143
1120,191,221,143
1121,191,221,143
1122,191,221,143
1123,148,75,16
1124,148,75,16
1125,148,75,16
1126,150,75,16
1127,191,146,135
1128,191,146,135
1129,137,200,79
1130,137,200,79
1131,137,200,79
1132,137,200,79
1133,132,9,211
1134,132,9,211
1135,132,9,211
1136,137,231,79
1137,137,200,79
1138,137,231,79
1139,137,200,79
1140,127,9,211
1141,127,9,211
1142,142,9,211
1143,142,9,211
1144,148,47,29
1145,120,47,29
1146,148,47,29
1147,148,47,29
1148,120,47,29
1149,120,47,29
1150,148,47,29
1151,120,47,29
1152,120,47,29
1153,127,9,211
1154,142,9,211
1155,142,9,211
1156,134,53,79
1157,109,53,79
1158,223,82,52
1159,223,82,52
1160,223,82,52
1161,223,82,52
1162,223,82,52
1163,223,82,52
1164,223,82,52
1165,223,82,52
1166,134,53,79
1167,223,82,52
1168,223,82,52
1169,223,82,52
1170,223,82,52
1171,223,82,52
1172,223,82,52
1173,223,82,52
1174,223,82,52
1175,71,230,41
1176,71,230,41
1177,71,230,41
1178,71,230,41
1179,71,230,41
1180,71,230,41
1181,71,230,41
1182,71,230,41
1183,71,230,41
1184,71,230,41
1185,71,230,41
1186,71,230,41
1187,71,230,41
1188,71,230,41
1189,223,82,52
1190,223,82,52
1191,223,82,52
1192,223,82,52
1193,223,82,52
1194,223,82,52
1195,223,82,52
1196,223,82,52
1197,148,12,24
1198,148,12,24
1199,148,12,24
1200,148,12,24
1201,208,12,62
1202,208,12,62
1203,208,12,62
1204,208,12,62
1205,208,12,62
1206,208,12,62
1207,208,12,62
1208,208,12,62
1209,94,230,41
1210,94,230,41
1211,94,230,41
1212,223,82,52
1213,223,82,52
1214,223,82,52
1215,223,82,52
1216,223,82,52
1217,223,82,52
1218,223,82,52
1219,223,82,52
1220,94,230,41
1221,94,230,41
1222,109,230,41
1223,101,230,41
1224,231,238,77
1225,231,238,77
1226,231,238,77
1227,231,238,77
1228,231,238,77
1229,231,238,77
1230,193,245,46
1231,190,245,46
1232,190,245,46
1233,193,245,46
1234,175,251,49
1235,175,251,49
1236,210,220,226
1237,210,220,226
1238,210,220,226
1239,210,220,226
1240,210,220,226
1241,210,220,226
1242,13,233,153
1243,175,2,49
1244,175,2,49
1245,142,200,90
1246,142,200,90
1247,193,12,49
1248,193,12,49
1249,193,251,49
1250,193,251,49
1251,193,251,49
1252,193,251,49
1253,193,251,49
1254,193,251,49
1255,193,251,49
1256,193,251,49
1257,193,251,49
1258,223,2,49
1259,193,251,49
1260,193,251,49
1261,193,251,49
1262,193,251,49
1263,163,89,237
1264,163,89,237
1265,163,89,237
1266,163,89,237
1267,163,89,237
1268,163,89,237
1269,163,89,237
1270,163,89,237
1271,163,89,237
1272,163,89,237
1273,104,227,247
1274,104,227,247
1275,104,227,247
1276,104,227,247
1277,54,22,11
1278,54,22,11
1279,54,22,11
1280,54,22,11
1281,117,91,249
1282,117,91,249
1283,104,12,247
1284,104,12,247
1285,104,12,247
1286,91,12,247
1287,104,12,247
1288,36,22,11
1289,36,22,11
1290,36,22,11
1291,36,22,11
1292,117,91,249
1293,117,91,249
1294,111,91,249
1295,111,91,249
1296,223,82,52
1297,223,82,52
1298,223,82,52
1299,223,82,52
1300,223,82,52
1301,223,82,52
1302,223,82,52
1303,223,82,52
1304,185,5,62
1305,185,5,135
1306,185,5,135
1307,185,5,62
1308,162,22,183
1309,94,247,247
1310,114,247,247
1311,114,247,247
1312,94,247,247
1313,94,247,247
1314,94,247,247
1315,114,247,247
1316,114,247,247
1317,212,123,135
1318,212,123,135
1319,212,123,135
1320,212,123,135
1321,212,123,135
1322,212,123,135
1323,221,222,254
1324,231,214,254
1325,212,108,135
1326,212,108,135
1327,212,108,135
1328,212,108,135
1329,212,108,135
1330,212,108,135
1331,212,108,135
1332,212,108,135
1333,114,12,247
1334,94,12,247
1335,114,12,247
1336,94,12,247
1337,94,12,247
1338,114,12,247
1339,94,12,247
1340,114,12,247
1341,94,12,247
1342,212,108,135
1343,212,108,135
1344,212,108,135
1345,212,108,135
1346,212,108,135
1347,212,108,135
1348,212,108,135
1349,212,108,135
1350,190,5,62
1351,190,5,62
1352,190,5,62
1353,162,22,79
1354,190,5,62
1355,190,5,62
1356,212,108,135
1357,212,108,135
1358,212,108,135
1359,212,108,135
1360,212,108,135
1361,212,108,135
1362,212,108,135
1363,212,108,135
1364,216,30,62
1365,138,78,31
1366,138,78,64
1367,138,78,31
1368,138,78,31
1369,212,108,135
1370,212,108,135
1371,212,108,135
1372,212,108,135
1373,212,108,135
1374,212,108,135
1375,212,108,135
1376,212,108,135
1377,212,108,135
1378,212,108,135
1379,212,108,135
1380,212,108,135
1381,212,108,135
1382,212,108,135
1383,212,108,135
1384,212,108,135
1385,212,108,135
1386,212,108,135
1387,212,108,135
1388,212,108,135
1389,212,108,135
1390,212,108,135
1391,212,108,135
1392,212,108,135
1393,223,2,49
1394,193,2,49
1395,64,29,217
1396,223,2,49
1397,193,2,49
1398,223,2,49
1399,193,2,49
1400,193,2,49
1401,193,2,49
1402,193,2,49
1403,193,2,49
1404,193,2,49
1405,193,2,49
1406,200,143,19
1407,200,143,19
1408,236,230,226
1409,236,230,226
1410,236,230,226
1411,183,57,8
1412,142,57,8
1413,183,57,8
1414,183,57,8
1415,142,200,90
1416,142,200,90
1417,142,200,90
1418,142,200,90
1419,142,200,90
1420,142,200,90
1421,142,200,90
1422,142,200,90
1423,102,89,234
1424,102,89,234
1425,102,89,234
1426,102,89,234
1427,102,89,234
1428,102,89,234
1429,102,89,234
1430,102,89,234
1431,102,89,234
1432,102,89,234
1433,102,89,234
1434,94,199,234
1435,183,153,107
1436,183,153,107
1437,183,153,107
1438,183,153,107
1439,36,22,11
1440,36,22,11
1441,36,22,11
1442,36,22,11
1443,139,174,24
1444,144,174,24
1445,139,174,24
1446,144,174,24
1447,144,174,24
1448,144,174,24
1449,144,174,24
1450,139,174,24
1451,139,174,24
1452,46,231,148
1453,46,231,148
1454,46,231,148
1455,231,214,254
1456,221,222,254
1457,46,231,148
1458,46,231,148
1459,46,231,148
1460,254,199,158
1461,254,199,158
1462,254,199,158
1463,254,199,158
1464,163,174,95
1465,163,174,95
1466,163,174,224
1467,163,174,224
1468,144,174,24
1469,144,174,24
1470,139,174,24
1471,144,174,24
1472,144,174,24
1473,139,174,24
1474,139,174,24
1475,144,174,24
1476,139,174,24
1477,188,85,13
1478,188,85,13
1479,186,85,13
1480,188,85,13
1481,188,85,13
1482,186,85,13
1483,186,85,13
1484,188,85,13
1485,188,85,13
1486,186,85,13
1487,186,85,13
1488,188,85,13
1489,188,85,13
1490,186,85,13
1491,188,85,13
1492,188,85,13
1493,186,85,13
1494,186,85,13
1495,188,85,13
1496,188,85,13
1497,186,85,13
1498,125,36,166
1499,125,36,166
1500,125,36,166
1501,125,36,166
1502,195,245,3
1503,195,245,3
1504,195,245,3
1505,195,245,3
1506,195,245,3
1507,195,245,3
1508,195,245,3
1509,195,245,3
1510,195,245,3
1511,137,184,24
1512,137,184,24
1513,137,184,24
1514,137,184,24
1515,195,245,3
1516,195,245,3
1517,195,245,3
1518,195,245,3
1519,195,245,3
1520,195,245,3
1521,195,245,3
1522,132,225,118
1523,132,225,118
1524,132,225,118
1525,132,225,118
1526,132,225,118
1527,132,225,118
1528,132,225,118
1529,188,85,13
1530,188,85,13
1531,186,85,13
1532,188,85,13
1533,188,85,13
1534,186,85,13
1535,186,85,13
1536,188,85,13
1537,188,85,13
1538,186,85,13
1539,186,85,13
1540,254,118,158
1541,254,118,158
1542,254,118,158
1543,254,118,158
1544,254,118,158
1545,254,118,158
1546,64,29,217
1547,64,29,217
1548,64,29,217
1549,64,29,217
1550,64,29,217
1551,64,29,217
1552,64,29,217
1553,254,118,158
1554,254,118,158
1555,254,118,158
1556,254,118,158
1557,254,118,158
1558,254,118,158
1559,137,184,24
1560,137,184,24
1561,137,184,24
1562,137,184,24
1563,125,29,217
1564,125,29,217
1565,125,29,217
1566,125,29,217
1567,125,29,217
1568,125,29,217
1569,125,29,217
1570,125,29,217
1571,135,23,214
1572,135,23,214
1573,135,23,214
1574,135,23,214
1575,203,28,57
1576,203,28,57
1577,203,28,57
1578,203,28,57
1579,142,202,26
1580,142,202,26
1581,142,202,26
1582,142,202,26
1583,142,202,26
1584,142,202,26
1585,142,202,26
1586,142,202,26
1587,216,241,32
1588,216,241,32
1589,216,241,32
1590,142,166,26
1591,142,166,26
1592,142,166,26
1593,142,166,26
1594,142,166,26
1595,26,166,26
1596,135,23,214
1597,135,23,214
1598,183,153,107
1599,183,153,107
1600,183,153,107
1601,183,153,107
1602,252,219,26
1603,252,219,26
1604,252,219,26
1605,252,219,26
1606,132,225,118
1607,132,225,118
1608,132,225,118
1609,132,225,118
1610,132,225,118
1611,132,225,118
1612,132,225,118
1613,132,225,118
1614,132,225,118
1615,135,23,214
1616,135,23,214
1617,135,23,214
1618,135,23,214
1619,135,23,214
1620,135,23,214
1621,135,23,214
1622,135,23,214
1623,110,186,57
1624,110,186,57
1625,110,186,57
1626,110,186,57
1627,110,186,57
1628,110,186,57
1629,110,186,57
1630,110,186,57
1631,110,186,57
1632,110,186,57
1633,110,186,57
1634,110,186,57
1635,110,186,57
1636,110,186,57
1637,110,186,57
1638,110,186,57
1639,139,242,3
1640,139,242,3
1641,200,245,54
1642,188,245,54
1643,188,245,54
1644,188,245,54
1645,200,245,54
1646,200,245,54
1647,188,245,54
1648,200,245,54
1649,188,245,54
1650,188,245,54
1651,24,172,118
1652,24,172,118
1653,24,172,158
1654,24,172,118
1655,24,172,118
1656,24,172,118
1657,200,245,54
1658,24,172,118
1659,200,245,54
1660,24,172,118
1661,188,245,54
1662,221,222,254
1663,231,214,254
1664,254,199,158
1665,254,199,158
1666,229,221,191
1667,214,221,191
1668,229,221,191
1669,3,221,191
1670,19,221,191
1671,3,221,191
1672,208,221,191
1673,3,221,191
1674,19,221,191
1675,3,221,191
1676,3,221,191
1677,19,221,191
1678,183,40,67
1679,183,40,67
1680,183,40,67
1681,183,40,67
1682,233,103,158
1683,17,230,22
1684,17,240,22
1685,17,240,22
1686,17,6,252
1687,17,6,252
1688,246,6,1
1689,17,6,252
1690,17,6,252
1691,17,6,252
1692,28,64,135
1693,28,64,135
1694,28,64,135
1695,28,64,135
1696,28,64,135
1697,28,64,135
1698,210,248,54
1699,210,248,54
1700,17,6,252
1701,175,153,138
1702,175,153,138
1703,175,153,138
1704,175,153,138
1705,175,153,138
1706,175,153,138
1707,173,134,138
1708,173,134,138
1709,178,129,133
1710,178,129,133
1711,135,23,214
1712,135,23,214
1713,135,23,214
1714,135,23,214
1715,135,23,214
1716,135,23,214
1717,135,23,214
1718,135,23,214
1719,165,212,41
1720,165,212,41
1721,165,212,41
1722,165,212,41
1723,191,210,143
1724,191,210,143
1725,191,210,143
1726,191,210,143
1727,191,210,143
1728,191,210,143
1729,214,241,173
1730,214,241,173
1731,214,241,173
1732,214,241,173
1733,214,241,173
1734,214,241,173
1735,214,241,173
1736,214,241,173
1737,214,241,173
1738,252,219,26
1739,252,219,26
1740,252,219,26
1741,252,219,26
1742,252,219,26
1743,229,232,26
1744,229,232,26
1745,195,109,158
1746,195,109,158
1747,195,109,158
1748,195,109,158
1749,190,237,219
1750,190,237,219
1751,190,237,219
1752,190,237,219
1753,190,237,219
1754,190,242,219
1755,190,242,219
1756,190,242,219
1757,190,242,219
1758,190,153,219
1759,190,153,219
1760,190,153,219
1761,190,153,219
1762,252,142,212
1763,252,142,212
1764,252,142,212
1765,252,142,212
1766,252,142,212
1767,252,142,212
1768,252,142,212
1769,252,142,212
1770,252,142,212
1771,190,153,219
1772,190,153,219
1773,190,153,219
1774,190,153,219
1775,252,142,212
1776,11,142,212
1777,252,142,212
1778,11,142,212
1779,252,142,212
1780,11,142,212
1781,190,237,219
1782,190,237,219
1783,190,237,219
1784,190,237,219
1785,190,237,219
1786,190,242,219
1787,190,242,219
1788,190,242,219
1789,190,242,219
1790,180,159,234
1791,180,159,234
1792,57,48,79
1793,57,48,79
1794,57,48,79
1795,57,48,79
1796,57,48,79
1797,57,48,79
1798,57,48,79
1799,57,48,79
1800,57,48,79
1801,57,48,79
1802,57,48,79
1803,79,232,214
1804,79,232,214
1805,79,232,214
1806,79,232,214
1807,94,2,216
1808,94,2,216
1809,94,2,216
1810,94,2,216
1811,11,240,201
1812,11,240,201
1813,54,240,201
1814,54,240,201
1815,54,240,201
1816,54,240,201
1817,54,240,201
1818,54,240,201
1819,190,55,46
1820,190,55,46
1821,190,55,46
1822,190,55,46
1823,190,55,46
1824,190,55,46
1825,190,55,46
1826,193,12,49
1827,193,12,49
1828,193,12,49
1829,193,12,49
1830,193,12,49
1831,193,12,49
1832,193,12,49
1833,193,12,49
1834,193,12,49
1835,193,12,49
1836,191,39,191
1837,196,173,209
1838,196,173,209
1839,191,39,191
1840,196,39,191
1841,196,173,209
1842,218,95,201
1843,221,247,201
1844,221,247,201
1845,218,95,201
1846,150,22,234
1847,23,134,107
1848,23,134,107
1849,23,134,107
1850,115,251,135
1851,115,251,135
1852,115,251,135
1853,150,22,234
1854,150,22,234
1855,221,2,52
1856,221,2,52
1857,221,2,52
1858,221,2,52
1859,221,2,52
1860,221,2,52
1861,221,2,52
1862,221,2,52
1863,221,2,52
1864,221,2,52
1865,115,251,135
1866,115,251,135
1867,142,251,135
1868,165,22,234
1869,221,81,52
1870,183,132,52
1871,183,132,52
1872,183,132,52
1873,183,132,52
1874,183,132,52
1875,228,66,13
1876,254,63,212
1877,254,63,212
1878,254,63,212
1879,165,22,234
1880,254,63,212
1881,254,63,212
1882,254,63,212
1883,254,63,212
1884,254,63,212
1885,254,63,212
1886,23,134,107
1887,23,134,107
1888,23,134,107
1889,23,134,107
1890,170,158,131
1891,170,158,131
1892,170,158,131
1893,94,223,62
1894,228,66,13
1895,244,66,13
1896,228,66,13
1897,244,66,13
1898,170,158,131
1899,170,158,131
1900,170,158,131
1901,221,81,13
1902,233,81,13
1903,221,81,13
1904,233,81,13
1905,74,192,113
1906,74,192,113
1907,74,192,113
1908,74,192,113
1909,221,81,52
1910,233,81,52
1911,221,81,52
1912,233,81,52
1913,183,132,52
1914,183,132,52
1915,183,132,52
1916,183,132,52
1917,183,132,52
1918,183,132,52
1919,183,132,52
1920,183,132,52
1921,181,125,209
1922,181,125,209
1923,181,125,209
1924,181,125,209
1925,181,245,209
1926,181,245,209
1927,181,245,209
1928,181,245,209
1929,181,125,209
1930,181,125,209
1931,181,125,209
1932,181,125,209
1933,181,125,209
1934,181,125,209
1935,181,125,209
1936,181,125,209
1937,203,213,113
1938,203,213,113
1939,203,213,113
1940,190,55,46
1941,190,55,46
1942,190,55,46
1943,190,55,46
1944,190,55,46
1945,190,55,46
1946,190,55,46
1947,57,233,194
1948,57,233,194
1949,57,233,194
1950,57,233,194
1951,57,233,194
1952,57,233,194
1953,57,233,194
1954,57,233,194
1955,57,233,194
1956,57,233,194
1957,190,55,46
1958,190,55,46
1959,190,55,46
1960,190,55,46
1961,190,55,46
1962,190,55,46
1963,190,55,46
1964,190,55,46
1965,190,55,46
1966,198,219,100
1967,198,219,100
1968,198,219,100
1969,186,219,100
1970,198,219,100
1971,198,219,100
1972,198,219,100
1973,198,219,100
1974,198,219,100
1975,9,211,133
1976,9,211,133
1977,27,211,133
1978,27,211,133
1979,9,211,133
1980,168,125,209
1981,168,125,209
1982,168,245,209
1983,168,245,209
1984,168,125,209
1985,168,125,209
1986,168,245,209
1987,168,245,209
1988,168,125,209
1989,168,125,209
1990,168,245,209
1991,168,245,209
1992,168,125,209
1993,168,125,209
1994,168,245,209
1995,168,245,209
1996,168,125,209
1997,168,125,209
1998,168,245,209
1999,168,245,209
2000,220,155,183
2001,220,155,183
2002,220,155,183
2003,220,155,183
2004,220,155,183
2005,220,155,183
2006,230,155,183
2007,230,155,183
2008,230,155,183
2009,230,155,183
2010,230,155,183
2011,230,155,183
2012,220,155,183
2013,220,155,183
2014,220,155,183
2015,220,155,183
2016,220,155,183
2017,220,155,183
2018,230,155,183
2019,230,155,183
2020,230,155,183
2021,230,155,183
2022,61,108,234
2023,61,108,234
2024,61,108,234
2025,61,108,234
2026,61,108,234
2027,172,164,236
2028,172,164,236
2029,188,164,236
2030,61,108,234
2031,61,108,234
2032,61,108,234
2033,61,108,234
2034,61,108,234
2035,74,192,113
2036,74,192,113
2037,74,192,113
2038,74,192,113
2039,244,241,158
2040,244,241,158
2041,148,162,49
2042,148,162,49
2043,224,162,49
2044,224,162,49
2045,224,162,49
2046,224,162,49
2047,224,162,49
2048,224,162,49
2049,224,162,49
2050,224,162,49
2051,224,162,49
2052,224,162,49
2053,224,162,49
2054,224,162,49
2055,244,241,158
2056,244,241,158
2057,139,242,3
2058,244,241,158
2059,244,241,158
2060,168,155,222
2061,148,162,49
2062,148,162,49
2063,224,162,49
2064,224,162,49
2065,224,162,49
2066,224,162,49
2067,224,162,49
2068,224,162,49
2069,224,162,49
2070,224,162,49
2071,224,162,49
2072,224,162,49
2073,224,162,49
2074,224,162,49
2075,224,162,49
2076,224,162,49
2077,224,162,49
2078,224,162,49
2079,224,162,49
2080,224,162,49
2081,244,241,158
2082,244,241,158
2083,180,204,153
2084,180,204,153
2085,222,235,3
2086,222,235,3
2087,222,235,3
2088,222,235,3
2089,222,237,3
2090,222,237,3
2091,222,237,3
2092,222,237,3
2093,222,237,3
2094,222,237,3
2095,222,237,3
2096,222,237,3
2097,189,155,222
2098,168,155,222
2099,162,8,171
2100,189,155,222
2101,168,155,222
2102,189,155,222
2103,20,109,16
2104,30,109,16
2105,20,109,16
2106,30,109,16
2107,30,109,16
2108,20,125,59
2109,20,109,16
2110,20,83,60
2111,119,47,59
2112,119,47,59
2113,168,155,222
2114,189,155,222
2115,168,155,222
2116,189,155,222
2117,188,90,13
2118,188,90,13
2119,188,90,13
2120,188,90,13
2121,188,90,13
2122,247,90,13
2123,247,90,13
2124,247,90,13
2125,247,90,13
2126,168,155,222
2127,189,155,222
2128,188,90,13
2129,188,90,13
2130,188,90,13
2131,188,90,13
2132,188,90,13
2133,247,90,13
2134,247,90,13
2135,247,90,13
2136,247,90,13
2137,180,204,153
2138,180,204,153
2139,228,58,158
2140,228,58,158
2141,228,58,158
2142,20,125,60
2143,30,109,16
2144,20,109,16
2145,20,109,16
2146,30,109,16
2147,20,83,60
2148,27,211,133
2149,9,211,133
2150,9,211,133
2151,9,211,133
2152,27,211,133
2153,189,31,207
2154,189,31,207
2155,189,31,207
2156,189,31,207
2157,189,31,207
2158,128,179,107
2159,128,179,107
2160,128,179,107
2161,128,179,107
2162,128,179,107
2163,128,179,107
2164,120,52,224
2165,120,52,224
2166,57,233,194
2167,57,233,194
2168,57,233,194
2169,57,233,194
2170,57,233,194
2171,57,233,194
2172,57,233,194
2173,57,233,194
2174,112,22,181
2175,112,22,181
2176,112,22,206
2177,112,22,181
2178,148,98,57
2179,112,22,181
2180,148,98,57
2181,112,140,181
2182,112,140,181
2183,112,140,206
2184,112,140,206
2185,112,140,181
2186,148,98,57
2187,112,140,206
2188,148,98,57
2189,112,22,181
2190,112,22,181
2191,112,22,206
2192,112,22,206
2193,112,22,181
2194,148,98,57
2195,112,22,206
2196,148,98,57
2197,112,140,181
2198,112,140,181
2199,112,140,206
2200,112,140,206
2201,112,140,181
2202,112,140,181
2203,112,140,206
2204,112,22,181
2205,112,140,181
2206,112,140,181
2207,112,140,206
2208,112,140,206
2209,112,140,181
2210,148,98,57
2211,127,22,181
2212,148,98,57
2213,112,140,181
2214,112,140,206
2215,112,140,181
2216,112,140,206
2217,112,140,181
2218,112,140,206
2219,112,140,181
2220,112,140,206
2221,112,22,206
2222,119,47,59
2223,119,47,59
2224,11,240,201
2225,11,240,201
2226,54,240,201
2227,54,240,201
2228,54,240,201
2229,54,240,201
2230,54,240,201
2231,228,58,158
2232,228,58,158
2233,228,89,158
2234,228,89,158
2235,193,177,118
2236,193,177,118
2237,193,177,118
2238,224,177,118
2239,224,177,118
2240,224,177,118
2241,224,177,118
2242,224,177,118
2243,22,24,161
2244,22,24,161
2245,214,24,161
2246,214,24,161
2247,22,24,161
2248,120,52,224
2249,120,52,224
2250,120,52,224
2251,120,52,224
2252,120,52,224
2253,120,52,224
2254,224,162,49
2255,120,52,224
2256,156,23,42
2257,186,23,42
2258,186,23,42
2259,186,23,42
2260,119,47,59
2261,119,65,59
2262,172,141,236
2263,172,141,236
2264,188,141,236
2265,172,141,236
2266,94,223,62
2267,172,164,236
2268,188,164,236
2269,172,164,236
2270,200,210,110
2271,200,94,110
2272,200,94,110
2273,200,210,110
2274,200,94,110
2275,200,94,110
2276,200,210,110
2277,148,162,49
2278,148,162,49
2279,224,162,49
2280,224,162,49
2281,224,162,49
2282,224,162,49
2283,224,162,49
2284,224,162,49
2285,200,210,110
2286,200,94,110
2287,200,94,110
2288,200,94,110
2289,200,210,110
2290,200,210,110
2291,200,94,110
2292,200,94,110
2293,166,23,42
2294,156,23,42
2295,156,23,42
2296,156,23,42
2297,156,23,42
2298,229,23,42
2299,156,23,42
2300,200,210,110
2301,200,94,110
2302,255,192,65
2303,255,192,65
2304,255,192,65
2305,255,192,65
2306,255,192,65
2307,200,210,110
2308,255,192,65
2309,213,104,110
2310,213,104,110
2311,203,221,110
2312,203,221,110
2313,150,6,28
2314,239,192,64
2315,239,192,64
2316,239,192,64
2317,239,192,64
2318,239,192,64
2319,239,192,64
2320,239,192,64
2321,239,192,64
2322,239,192,64
2323,239,192,64
2324,77,60,219
2325,77,60,219
2326,77,60,219
2327,111,42,31
2328,111,42,31
2329,124,42,31
2330,114,57,31
2331,114,93,31
2332,148,98,57
2333,148,98,57
2334,148,98,57
2335,148,98,57
2336,148,98,57
2337,148,98,57
2338,148,98,57
2339,148,98,57
2340,148,98,57
2341,148,98,57
2342,148,98,57
2343,148,98,57
2344,148,98,57
2345,148,98,57
2346,255,192,65
2347,255,192,65
2348,161,10,214
2349,161,10,214
2350,161,10,214
2351,161,10,214
2352,161,10,214
2353,161,10,214
2354,30,108,16
2355,20,108,16
2356,20,126,59
2357,30,108,16
2358,20,108,16
2359,20,108,59
2360,30,108,59
2361,161,10,214
2362,161,10,214
2363,163,10,214
2364,161,10,214
2365,161,10,214
2366,163,10,214
2367,111,42,31
2368,111,42,31
2369,124,42,31
2370,114,42,31
2371,158,16,217
2372,158,16,217
2373,158,16,217
2374,158,16,217
2375,158,16,217
2376,158,16,217
2377,158,16,217
2378,158,16,217
2379,158,16,217
2380,158,16,217
2381,114,93,31
2382,158,16,217
2383,158,16,217
2384,158,16,217
2385,158,16,217
2386,158,16,217
2387,158,16,217
2388,158,16,217
2389,158,16,217
2390,158,16,217
2391,158,16,217
2392,184,135,209
2393,206,135,209
2394,128,170,237
2395,128,170,237
2396,197,3,202
2397,197,3,202
2398,119,27,78
2399,119,27,78
2400,119,27,78
2401,119,27,78
2402,111,7,11
2403,60,23,203
2404,60,23,203
2405,111,7,11
2406,175,109,55
2407,175,109,55
2408,172,101,88
2409,172,101,88
2410,172,101,88
2411,132,9,24
2412,132,9,24
2413,172,101,88
2414,172,101,88
2415,172,101,88
2416,167,230,24
2417,167,230,24
2418,22,60,219
2419,77,60,219
2420,77,60,219
2421,77,60,219
2422,22,60,219
2423,22,60,219
2424,22,60,219
2425,231,214,254
2426,160,107,48
2427,160,107,48
2428,160,107,48
2429,231,214,254
2430,160,107,48
2431,160,107,48
2432,160,107,48
2433,190,197,48
2434,24,60,224
2435,24,60,224
2436,24,60,224
2437,161,10,214
2438,161,10,214
2439,161,10,217
2440,161,10,217
2441,161,10,214
2442,161,10,214
2443,161,10,214
2444,161,10,214
2445,30,108,16
2446,30,108,16
2447,20,126,59
2448,20,108,16
2449,30,108,16
2450,77,60,219
2451,77,60,219
2452,77,60,219
2453,77,60,219
2454,12,19,8
2455,207,244,8
2456,12,19,8
2457,210,108,118
2458,185,108,118
2459,12,19,8
2460,12,19,8
2461,175,238,146
2462,175,238,146
2463,165,238,146
2464,175,238,146
2465,175,238,146
2466,158,187,138
2467,158,187,138
2468,163,190,138
2469,140,187,166
2470,140,187,166
2471,163,190,138
2472,163,190,138
2473,163,190,138
2474,231,214,254
2475,22,60,219
2476,22,60,219
2477,22,60,219
2478,22,60,219
2479,66,123,219
2480,66,123,219
2481,66,123,219
2482,66,123,219
2483,66,123,219
2484,66,123,219
2485,66,123,219
2486,66,123,219
2487,66,123,219
2488,66,123,219
2489,66,123,219
2490,66,123,219
2491,51,131,219
2492,51,131,219
2493,66,123,219
2494,66,123,219
2495,66,123,219
2496,66,123,219
2497,66,123,219
2498,66,123,219
2499,66,123,219
2500,66,123,219
2501,20,83,60
2502,23,24,8
2503,5,249,8
2504,25,24,8
2505,23,24,8
2506,25,24,8
2507,210,226,59
2508,210,226,59
2509,210,226,59
2510,210,226,59
2511,210,226,59
2512,210,226,59
2513,163,207,244
2514,163,207,244
2515,137,207,244
2516,163,207,244
2517,163,207,244
2518,163,207,244
2519,210,226,59
2520,210,226,59
2521,210,226,59
2522,231,5,214
2523,231,5,214
2524,231,5,214
2525,231,5,214
2526,231,5,214
2527,231,5,214
2528,231,5,214
2529,231,5,214
2530,231,5,214
2531,231,5,214
2532,231,5,214
2533,231,5,214
2534,148,148,19
2535,148,148,19
2536,158,148,19
2537,148,148,19
2538,158,148,19
2539,223,137,64
2540,223,137,64
2541,223,137,64
2542,223,137,64
2543,223,137,64
2544,223,137,64
2545,223,137,64
2546,223,137,64
2547,223,137,64
2548,158,148,19
2549,158,148,19
2550,158,148,19
2551,158,148,19
2552,158,148,19
2553,158,148,19
2554,158,148,19
2555,158,148,19
2556,158,148,19
2557,22,60,219
2558,22,60,219
2559,201,33,219
2560,201,33,219
2561,201,33,219
2562,201,33,219
2563,201,33,219
2564,55,56,219
2565,55,56,219
2566,77,60,219
2567,77,60,219
2568,77,60,219
2569,22,60,219
2570,22,60,219
2571,74,70,240
2572,34,56,219
2573,22,60,219
2574,74,70,240
2575,55,56,219
2576,137,207,244
2577,163,207,244
2578,211,13,166
2579,242,13,166
2580,242,13,166
2581,242,13,166
2582,24,60,224
2583,24,60,224
2584,24,60,224
2585,24,60,224
2586,200,42,29
2587,190,42,29
2588,24,60,224
2589,24,60,224
2590,200,42,29
2591,200,42,29
2592,200,42,29
2593,157,37,244
2594,157,37,244
2595,157,37,244
2596,157,37,244
2597,157,37,244
2598,157,37,244
2599,157,37,244
2600,157,37,244
2601,8,138,193
2602,8,193,8
2603,8,138,193
2604,43,39,219
2605,33,18,219
2606,33,18,219
2607,8,138,193
2608,8,159,193
2609,8,138,193
2610,170,37,8
2611,170,37,8
2612,170,37,8
2613,249,80,8
2614,249,80,8
2615,170,37,8
2616,249,80,8
2617,249,80,8
2618,163,207,244
2619,137,207,244
2620,163,207,244
2621,137,207,244
2622,163,207,244
2623,163,207,244
2624,163,207,244
2625,150,6,28
2626,155,235,29
2627,144,235,29
2628,144,235,29
2629,195,227,203
2630,195,227,203
2631,195,227,203
2632,195,227,203
2633,193,41,82
2634,193,41,82
2635,193,41,82
2636,193,41,82
2637,193,41,82
2638,193,41,82
2639,193,41,82
2640,193,41,82
2641,193,41,82
2642,193,41,82
2643,193,41,82
2644,193,41,82
2645,193,41,82
2646,203,223,64
2647,203,223,64
2648,246,102,83
2649,246,102,83
2650,170,37,8
2651,170,37,8
2652,170,37,8
2653,170,37,8
2654,170,37,8
2655,170,37,8
2656,224,212,146
2657,224,212,146
2658,224,212,146
2659,224,212,146
2660,224,212,146
2661,224,212,146
2662,224,212,146
2663,224,212,146
2664,224,212,146
2665,224,212,146
2666,224,212,146
2667,224,212,146
2668,224,212,146
2669,224,212,146
2670,224,212,146
2671,224,212,146
2672,224,212,146
2673,224,212,146
2674,224,212,146
2675,224,212,146
2676,170,37,8
2677,170,37,8
2678,246,102,83
2679,246,102,83
2680,195,227,203
2681,195,227,3
2682,195,227,203
2683,195,227,203
2684,195,227,203
2685,195,227,203
2686,195,227,3
2687,195,227,203
2688,195,227,203
2689,214,167,52
2690,214,167,52
2691,214,167,52
2692,214,167,52
2693,214,167,52
2694,214,167,52
2695,214,167,52
2696,214,167,52
2697,158,91,69
2698,5,115,59
2699,19,120,64
2700,19,120,64
2701,19,120,64
2702,19,120,64
2703,19,120,64
2704,19,120,64
2705,19,120,64
2706,19,120,64
2707,19,120,64
2708,19,120,64
2709,19,120,64
2710,19,120,64
2711,19,120,64
2712,203,146,212
2713,203,146,212
2714,203,146,212
2715,203,146,115
2716,95,220,229
2717,95,220,229
2718,95,220,229
2719,95,220,123
2720,244,141,46
2721,244,141,46
2722,13,141,46
2723,13,141,46
2724,13,141,46
2725,85,109,242
2726,85,109,242
2727,85,109,242
2728,85,109,242
2729,85,109,242
2730,99,14,77
2731,99,4,77
2732,69,4,77
2733,69,14,77
2734,99,4,77
2735,190,83,49
2736,190,83,49
2737,114,58,24
2738,63,38,163
2739,252,167,209
2740,252,167,209
2741,252,167,209
2742,205,58,24
2743,205,58,24
2744,205,58,24
2745,247,174,140
2746,247,174,140
2747,218,233,16
2748,218,233,16
2749,252,167,209
2750,216,63,8
2751,216,63,8
2752,249,80,8
2753,216,63,8
2754,216,63,8
2755,249,80,8
2756,134,67,3
2757,134,67,3
2758,134,67,3
2759,134,67,3
2760,134,67,3
2761,134,67,3
2762,134,67,219
2763,134,67,219
2764,246,102,83
2765,246,102,83
2766,134,67,219
2767,134,67,219
2768,246,102,83
2769,20,103,87
2770,249,80,8
2771,216,63,8
2772,216,63,8
2773,249,80,8
2774,216,63,8
2775,127,139,148
2776,127,139,148
2777,127,144,148
2778,127,144,148
2779,127,144,148
2780,127,139,148
2781,127,139,148
2782,127,144,148
2783,127,144,148
2784,127,144,148
2785,127,114,148
2786,127,114,148
2787,127,129,148
2788,127,129,148
2789,127,129,148
2790,134,139,148
2791,134,139,148
2792,134,144,148
2793,134,144,148
2794,134,144,148
2795,134,139,148
2796,134,139,148
2797,134,144,148
2798,134,144,148
2799,134,144,148
2800,127,114,148
2801,127,114,148
2802,127,129,148
2803,127,129,148
2804,127,129,148
2805,167,3,102
2806,167,127,102
2807,167,3,102
2808,167,127,102
2809,167,3,102
2810,167,127,102
2811,170,7,249
2812,170,7,249
2813,170,7,249
2814,170,7,249
2815,170,7,249
2816,170,7,249
2817,218,233,16
2818,144,119,148
2819,144,119,148
2820,152,119,148
2821,152,119,148
2822,152,119,148
2823,9,112,113
2824,9,112,113
2825,144,119,148
2826,144,119,148
2827,152,119,148
2828,152,119,148
2829,152,119,148
2830,147,99,148
2831,147,99,148
2832,152,117,148
2833,152,117,148
2834,152,117,148
2835,80,155,137
2836,80,155,137
2837,203,5,49
2838,203,5,49
2839,203,5,49
2840,203,5,49
2841,48,184,100
2842,48,184,100
2843,40,184,100
2844,40,184,100
2845,40,184,100
2846,203,180,113
2847,205,180,113
2848,205,180,113
2849,223,180,113
2850,48,184,100
2851,48,184,100
2852,195,227,203
2853,195,227,203
2854,195,227,203
2855,40,184,100
2856,40,184,100
2857,180,96,85
2858,180,96,85
2859,180,96,85
2860,180,96,85
2861,127,62,221
2862,127,62,221
2863,160,62,221
2864,127,62,221
2865,127,62,221
2866,160,62,221
2867,127,62,221
2868,160,62,221
2869,127,62,221
2870,160,62,221
2871,203,134,90
2872,203,134,90
2873,203,134,90
2874,203,134,90
2875,203,134,90
2876,203,134,90
2877,203,134,90
2878,203,134,90
2879,203,134,90
2880,190,134,90
2881,188,31,206
2882,188,31,206
2883,188,31,206
2884,214,23,161
2885,214,23,161
2886,214,23,161
2887,214,23,161
2888,180,96,85
2889,180,96,85
2890,180,96,85
2891,180,96,85
2892,132,57,219
2893,132,57,219
2894,132,57,219
2895,132,57,219
2896,132,57,219
2897,132,57,219
2898,132,57,219
2899,132,57,219
2900,93,200,183
2901,93,200,183
2902,93,200,183
2903,93,200,183
2904,93,200,183
2905,170,7,249
2906,170,7,249
2907,170,7,249
2908,170,7,249
2909,170,7,249
2910,170,7,249
2911,197,244,57
2912,26,11,252
2913,26,11,252
2914,26,13,252
2915,26,13,252
2916,26,13,252
2917,26,13,252
2918,26,11,252
2919,26,11,252
2920,26,13,252
2921,26,13,252
2922,26,13,252
2923,26,13,252
2924,170,7,249
2925,170,7,249
2926,170,7,249
2927,170,7,249
2928,170,7,249
2929,170,7,249
2930,170,7,249
2931,134,213,191
2932,134,213,191
2933,146,200,183
2934,144,200,191
2935,134,213,191
2936,236,44,198
2937,236,44,198
2938,236,44,198
2939,236,44,198
2940,236,44,198
2941,236,44,198
2942,170,7,249
2943,73,17,123
2944,73,17,123
2945,73,17,123
2946,73,17,123
2947,73,17,54
2948,73,17,123
2949,157,233,102
2950,157,233,102
2951,142,233,102
2952,34,41,79
2953,34,41,79
2954,34,41,79
2955,34,41,79
2956,34,41,79
2957,34,41,79
2958,34,41,79
2959,34,41,79
2960,8,41,79
2961,8,41,79
2962,34,41,79
2963,34,41,79
2964,6,52,85
2965,6,52,85
2966,6,52,85
2967,6,52,85
2968,6,52,85
2969,6,52,85
2970,6,52,85
2971,39,52,85
2972,39,52,85
2973,6,52,85
2974,6,52,85
2975,39,52,85
2976,39,52,85
2977,8,41,55
2978,8,41,55
2979,8,64,55
2980,8,64,55
2981,8,64,55
2982,8,64,55
2983,6,57,55
2984,6,57,55
2985,6,57,55
2986,6,75,55
2987,6,75,55
2988,6,75,55
2989,6,75,55
2990,6,75,55
2991,6,52,85
2992,127,22,181
2993,181,22,206
2994,181,22,206
2995,127,22,181
2996,181,22,206
2997,157,233,102
2998,157,233,102
2999,157,233,102
3000,249,137,184
3001,249,137,184
3002,16,137,184
3003,249,137,184
3004,249,137,184
3005,16,137,184
3006,99,144,148
3007,99,144,148
3008,104,144,148
3009,104,144,148
3010,104,175,148
3011,150,8,196
3012,150,8,196
3013,191,98,13
3014,191,98,13
3015,191,98,13
3016,191,98,13
3017,242,105,13
3018,242,105,13
3019,242,105,13
3020,242,105,13
3021,214,23,161
3022,214,23,161
3023,96,7,62
3024,91,7,62
3025,140,217,62
3026,140,217,62
3027,190,197,29
3028,190,197,29
3029,190,197,29
3030,190,197,29
3031,190,197,29
3032,190,197,29
3033,125,40,90
3034,125,40,90
3035,19,63,113
3036,36,63,113
3037,36,63,113
3038,236,198,198
3039,236,198,198
3040,236,198,198
3041,236,198,198
3042,236,198,198
3043,236,198,198
3044,236,198,198
3045,236,198,198
3046,229,245,140
3047,229,245,140
3048,229,245,140
3049,158,16,217
3050,158,16,217
3051,158,16,217
3052,158,16,217
3053,158,16,217
3054,158,16,217
3055,239,245,140
3056,239,245,140
3057,239,245,140
3058,239,245,140
3059,239,245,140
3060,158,16,217
3061,158,16,217
3062,158,16,217
3063,158,16,217
3064,158,16,217
3065,158,16,217
3066,158,16,217
3067,127,22,181
3068,127,22,181
3069,181,22,206
3070,181,22,206
3071,127,22,181
3072,181,22,206
3073,127,140,181
3074,127,140,181
3075,181,140,206
3076,181,140,206
3077,127,140,181
3078,181,140,206
3079,195,62,203
3080,195,62,203
3081,195,62,3
3082,195,62,203
3083,195,62,203
3084,195,62,3
3085,127,140,181
3086,127,140,181
3087,181,140,206
3088,181,140,206
3089,127,140,181
3090,127,140,181
3091,181,140,206
3092,181,140,206
3093,195,62,203
3094,200,62,203
3095,195,62,3
3096,195,62,203
3097,200,62,203
3098,195,62,203
3099,195,62,3
3100,195,62,203
3101,127,140,181
3102,181,140,206
3103,127,140,181
3104,181,140,206
3105,120,140,181
3106,120,140,181
3107,120,140,181
3108,188,140,206
3109,188,140,206
3110,120,140,181
3111,188,140,206
3112,120,140,181
3113,188,140,206
3114,102,188,224
3115,102,188,224
3116,102,188,224
3117,118,188,224
3118,118,188,224
3119,102,188,224
3120,118,188,224
3121,102,188,224
3122,118,188,224
3123,115,184,224
3124,115,184,224
3125,115,184,224
3126,130,184,224
3127,130,184,224
3128,115,184,224
3129,115,184,224
3130,130,184,224
3131,130,184,224
3132,115,184,224
3133,130,184,224
3134,102,188,224
3135,130,184,224
3136,115,184,224
3137,115,184,224
3138,130,184,224
3139,130,184,224
3140,115,184,224
3141,115,184,224
3142,130,184,224
3143,130,184,224
3144,115,184,224
3145,130,184,224
3146,115,184,224
3147,130,184,224
3148,115,184,224
3149,115,184,224
3150,77,102,240
3151,77,102,240
3152,77,102,240
3153,82,102,240
3154,82,102,240
3155,82,102,240
3156,77,102,240
3157,77,102,240
3158,82,102,240
3159,82,102,240
3160,102,188,224
3161,118,188,224
3162,161,10,214
3163,161,10,214
3164,161,10,214
3165,161,10,214
3166,161,10,214
3167,161,10,214
3168,153,15,191
3169,153,15,191
3170,161,10,214
3171,161,10,214
3172,161,10,214
3173,161,10,214
3174,161,10,214
3175,161,10,214
3176,153,15,191
3177,153,15,191
3178,102,10,214
3179,107,10,214
3180,102,10,214
3181,107,10,214
3182,10,143,254
3183,10,143,254
3184,57,87,199
3185,57,87,199
3186,57,87,199
3187,57,87,199
3188,57,87,199
3189,57,87,199
3190,57,87,199
3191,57,87,199
3192,10,145,254
3193,10,145,254
3194,10,145,254
3195,100,6,217
3196,100,6,217
3197,100,6,217
3198,100,6,217
3199,100,6,217
3200,100,6,217
3201,142,220,113
3202,142,220,113
3203,142,220,113
3204,142,220,113
3205,142,220,113
3206,74,70,240
3207,74,70,240
3208,74,70,240
3209,82,70,240
3210,82,70,240
3211,82,70,240
3212,74,70,240
3213,74,70,240
3214,82,70,240
3215,82,70,240
3216,78,155,92
3217,217,33,73
3218,217,33,73
3219,188,144,69
3220,188,144,69
3221,188,144,69
3222,188,144,69
3223,188,144,69
3224,188,144,69
3225,185,144,74
3226,191,98,13
3227,191,98,13
3228,191,98,13
3229,191,98,13
3230,242,105,13
3231,242,105,13
3232,242,105,13
3233,242,105,13
3234,57,87,199
3235,57,87,199
3236,57,87,199
3237,57,87,199
3238,57,87,199
3239,57,87,199
3240,57,87,199
3241,57,87,199
3242,57,87,199
3243,57,87,199
3244,57,87,199
3245,57,87,199
3246,57,87,199
3247,57,87,199
3248,57,87,199
3249,57,87,199
3250,165,192,41
3251,165,192,41
3252,165,192,41
3253,165,192,41
3254,165,192,41
3255,165,192,41
3256,165,192,41
3257,165,192,41
3258,165,192,41
3259,165,192,41
3260,155,237,28
3261,145,237,28
3262,145,237,28
3263,236,30,74
3264,236,30,74
3265,246,29,74
3266,236,30,74
3267,236,30,74
3268,233,29,74
3269,85,215,240
3270,85,215,240
3271,85,215,240
3272,79,215,240
3273,79,215,240
3274,85,215,240
3275,79,215,240
3276,85,215,240
3277,85,215,240
3278,85,215,240
3279,79,215,240
3280,79,215,240
3281,79,215,240
3282,85,215,240
3283,85,215,240
3284,79,215,240
3285,79,215,240
3286,153,245,217
3287,153,245,217
3288,153,245,217
3289,153,245,217
3290,153,245,217
3291,153,245,217
3292,153,245,217
3293,153,245,217
3294,153,245,217
3295,153,245,217
3296,153,245,217
3297,153,245,217
3298,195,62,203
3299,195,62,203
3300,77,185,240
3301,77,185,240
3302,77,185,240
3303,77,185,240
3304,77,185,240
3305,77,185,240
3306,195,62,203
3307,195,62,203
3308,226,126,29
3309,226,126,29
3310,226,126,29
3311,226,126,29
3312,82,215,240
3313,82,215,240
3314,79,215,240
3315,79,215,240
3316,82,215,240
3317,79,215,240
3318,82,215,240
3319,82,215,240
3320,82,215,240
3321,79,215,240
3322,79,215,240
3323,79,215,240
3324,82,215,240
3325,82,215,240
3326,82,215,240
3327,79,215,240
3328,79,215,240
3329,82,207,240
3330,82,207,240
3331,77,102,240
3332,77,102,240
3333,77,102,240
3334,82,102,240
3335,82,102,240
3336,82,102,240
3337,77,102,240
3338,77,102,240
3339,82,102,240
3340,82,102,240
3341,102,188,224
3342,102,188,224
3343,102,188,224
3344,118,188,224
3345,118,188,224
3346,97,235,224
3347,118,188,224
3348,115,184,224
3349,115,184,224
3350,115,184,224
3351,130,184,224
3352,130,184,224
3353,115,184,224
3354,115,184,224
3355,130,184,224
3356,130,184,224
3357,115,184,224
3358,130,184,224
3359,115,184,224
3360,115,184,224
3361,130,184,224
3362,130,184,224
3363,115,184,224
3364,115,184,224
3365,130,184,224
3366,115,184,224
3367,130,184,224
3368,130,184,224
3369,145,228,8
3370,145,228,8
3371,160,228,8
3372,145,228,8
3373,145,228,8
3374,97,235,224
3375,118,188,224
3376,135,228,41
3377,135,228,41
3378,239,228,102
3379,239,228,102
3380,142,165,41
3381,142,165,41
3382,249,165,102
3383,249,165,102
3384,249,165,102
3385,249,165,102
3386,249,165,102
3387,249,165,102
3388,142,165,102
3389,244,245,102
3390,244,245,102
3391,244,165,102
3392,244,165,102
3393,244,245,102
3394,244,165,102
3395,130,165,87
3396,145,228,8
3397,145,228,8
3398,160,228,8
3399,145,228,8
3400,132,228,41
3401,132,228,41
3402,239,228,102
3403,239,228,102
3404,132,165,41
3405,132,165,41
3406,239,165,102
3407,239,165,102
3408,239,165,102
3409,239,165,102
3410,239,165,102
3411,239,165,102
3412,244,165,102
3413,244,165,102
3414,244,245,102
3415,244,165,102
3416,244,245,102
3417,120,165,87
3418,74,70,240
3419,82,70,240
3420,82,70,240
3421,82,70,240
3422,74,70,240
3423,74,70,240
3424,82,70,240
3425,82,70,240
3426,112,22,181
3427,112,22,181
3428,112,22,181
3429,112,22,181
3430,181,22,206
3431,181,22,206
3432,181,22,206
3433,181,22,206
3434,181,22,206
3435,120,140,181
3436,120,140,181
3437,120,140,181
3438,120,140,181
3439,188,140,206
3440,188,140,206
3441,188,140,206
3442,85,215,240
3443,85,215,240
3444,85,215,240
3445,77,185,240
3446,77,185,240
3447,85,215,240
3448,77,185,240
3449,85,215,240
3450,85,215,240
3451,85,215,240
3452,77,185,240
3453,77,185,240
3454,77,185,240
3455,85,215,240
3456,85,215,240
3457,77,185,240
3458,85,215,240
3459,112,140,181
3460,112,140,181
3461,112,140,181
3462,112,140,181
3463,112,140,181
3464,112,140,181
3465,112,140,181
3466,181,140,206
3467,181,140,206
3468,181,140,206
3469,181,140,206
3470,181,140,206
3471,181,140,206
3472,181,140,206
3473,77,185,240
3474,77,185,240
3475,77,185,240
3476,77,185,240
3477,77,185,240
3478,77,185,240
3479,112,22,181
3480,112,22,181
3481,112,22,181
3482,112,22,181
3483,112,22,181
3484,181,22,206
3485,181,22,206
3486,181,22,206
3487,181,22,206
3488,181,22,206
3489,181,22,206
3490,120,140,181
3491,120,140,181
3492,120,140,181
3493,120,140,181
3494,120,140,181
3495,188,140,206
3496,188,140,206
3497,188,140,206
3498,188,140,206
3499,112,140,181
3500,112,140,181
3501,112,140,181
3502,112,140,181
3503,112,140,181
3504,112,140,181
3505,112,140,181
3506,112,140,181
3507,112,140,181
3508,181,140,206
3509,181,140,206
3510,181,140,206
3511,181,140,206
3512,181,140,206
3513,181,140,206
3514,181,140,206
3515,181,140,206
3516,181,140,206
3517,82,215,240
3518,82,215,240
3519,79,215,240
3520,79,215,240
3521,82,215,240
3522,79,215,240
3523,82,215,240
3524,82,215,240
3525,82,215,240
3526,79,215,240
3527,79,215,240
3528,79,215,240
3529,82,215,240
3530,82,215,240
3531,82,215,240
3532,79,215,240
3533,79,215,240
3534,82,207,240
3535,79,207,240
3536,74,153,224
3537,74,153,224
3538,74,153,224
3539,74,153,224
3540,74,153,224
3541,74,153,224
3542,64,153,224
3543,64,153,224
3544,54,153,224
3545,54,153,224
3546,228,89,188
3547,228,89,188
3548,228,89,188
3549,228,89,188
3550,7,96,113
3551,244,89,188
3552,244,89,188
3553,7,96,113
3554,133,208,237
3555,133,208,237
3556,143,208,237
3557,143,208,237
3558,133,176,237
3559,133,176,237
3560,143,176,237
3561,143,176,237
3562,133,176,237
3563,133,176,237
3564,143,176,237
3565,133,176,237
3566,143,176,237
3567,143,176,237
3568,133,122,237
3569,143,122,237
3570,133,176,237
3571,143,176,237
3572,143,176,237
3573,143,176,237
3574,128,176,237
3575,138,176,237
3576,128,176,237
3577,138,176,237
3578,138,176,237
3579,128,176,237
3580,134,27,8
3581,134,27,8
3582,134,27,8
3583,135,22,8
3584,135,27,8
3585,135,27,8
3586,167,3,102
3587,167,127,102
3588,167,3,102
3589,167,127,102
3590,167,3,102
3591,167,127,102
3592,138,176,237
3593,138,176,237
3594,226,126,29
3595,226,126,29
3596,226,126,29
3597,226,126,29
3598,2,96,113
3599,2,96,113
3600,244,127,57
3601,244,214,57
3602,244,127,57
3603,208,127,57
3604,208,127,57
3605,234,127,57
3606,112,22,181
3607,112,22,181
3608,112,22,181
3609,112,22,181
3610,112,22,181
3611,181,22,206
3612,181,22,206
3613,181,22,206
3614,181,22,206
3615,181,22,206
3616,181,22,206
3617,120,140,181
3618,120,140,181
3619,120,140,181
3620,120,140,181
3621,120,140,181
3622,188,140,206
3623,188,140,206
3624,188,140,206
3625,188,140,206
3626,112,140,181
3627,112,140,181
3628,112,140,181
3629,112,140,181
3630,112,140,181
3631,112,140,181
3632,112,140,181
3633,112,140,181
3634,112,140,181
3635,181,140,206
3636,181,140,206
3637,181,140,206
3638,181,140,206
3639,181,140,206
3640,181,140,206
3641,112,140,181
3642,181,140,206
3643,181,140,206
3644,208,99,57
3645,132,172,29
3646,132,172,29
3647,132,172,29
3648,208,99,57
3649,234,99,57
3650,234,99,57
3651,244,99,57
3652,234,99,57
3653,244,99,57
3654,244,196,57
3655,244,99,57
3656,85,99,57
3657,244,99,57
3658,234,99,57
3659,244,99,57
3660,85,99,57
3661,244,99,57
3662,244,196,57
3663,208,99,57
3664,57,196,57
3665,234,99,57
3666,244,99,57
3667,244,99,57
3668,244,99,57
3669,244,99,57
3670,234,99,57
3671,234,99,57
3672,208,99,57
3673,73,196,57
3674,244,99,57
3675,244,127,57
3676,244,214,57
3677,244,214,57
3678,244,127,57
3679,208,127,57
3680,208,127,57
3681,208,127,57
3682,234,127,57
3683,234,127,57
3684,132,172,29
3685,132,172,29
3686,132,172,29
3687,82,207,240
3688,82,207,240
3689,82,207,240
3690,82,207,240
3691,82,207,240
3692,82,207,240
3693,79,207,240
3694,79,207,240
3695,82,207,240
3696,82,207,240
3697,79,207,240
3698,79,207,240
3699,158,148,19
3700,145,202,224
3701,125,36,166
3702,148,51,226
3703,148,51,226
3704,145,202,224
3705,125,36,166
3706,148,51,226
3707,148,51,226
3708,148,51,226
3709,148,51,226
3710,148,51,226
3711,148,51,226
3712,183,51,19
3713,183,51,19
3714,148,51,226
3715,148,51,226
3716,148,51,226
3717,148,51,226
3718,183,51,19
3719,183,51,19
3720,77,102,237
3721,77,102,237
3722,77,102,237
3723,77,102,237
3724,82,102,237
3725,82,102,237
3726,82,102,237
3727,82,102,237
3728,82,102,237
3729,74,70,237
3730,74,70,237
3731,74,70,237
3732,74,70,237
3733,74,70,237
3734,82,70,237
3735,82,70,237
3736,82,70,237
3737,82,70,237
3738,82,70,237
3739,135,53,24
3740,135,53,24
3741,234,99,57
3742,234,99,57
3743,208,99,57
3744,234,99,57
3745,234,99,57
3746,234,99,57
3747,234,99,57
3748,234,99,57
3749,208,99,57
3750,234,99,57
3751,234,99,57
3752,234,99,57
3753,234,99,57
3754,203,223,64
3755,128,127,179
3756,128,127,179
3757,145,202,224
3758,145,202,224
3759,148,51,226
3760,148,51,226
3761,145,202,224
3762,145,202,224
3763,148,51,226
3764,148,51,226
3765,148,51,226
3766,148,51,226
3767,148,51,226
3768,148,51,226
3769,183,51,19
3770,183,51,19
3771,148,51,226
3772,148,51,226
3773,148,51,226
3774,148,51,226
3775,183,51,19
3776,183,51,19
3777,37,128,224
3778,37,128,224
3779,37,128,224
3780,37,128,224
3781,37,128,224
3782,37,128,224
3783,37,128,224
3784,37,128,224
3785,37,128,224
3786,37,128,224
3787,49,5,214
3788,49,5,214
3789,49,5,214
3790,49,5,214
3791,49,5,214
3792,49,5,214
3793,49,5,214
3794,49,5,214
3795,62,128,224
3796,62,128,224
3797,42,124,224
3798,42,124,224
3799,62,128,224
3800,62,128,224
3801,42,124,224
3802,42,124,224
3803,62,128,224
3804,62,128,224
3805,42,124,224
3806,42,124,224
3807,62,128,224
3808,62,128,224
3809,42,124,224
3810,42,124,224
3811,223,137,64
3812,223,137,64
3813,223,137,64
3814,223,137,64
3815,223,137,64
3816,223,137,64
3817,223,137,64
3818,223,137,64
3819,223,137,64
3820,223,137,64
3821,223,137,64
3822,223,137,64
3823,223,137,64
3824,206,173,29
3825,206,173,29
3826,208,173,29
3827,208,173,29
3828,206,173,29
3829,206,173,29
3830,206,173,29
3831,206,173,29
3832,206,173,29
3833,206,173,29
3834,208,173,29
3835,208,173,29
3836,206,173,29
3837,206,173,29
3838,244,99,57
3839,244,99,57
3840,244,196,57
3841,244,196,57
3842,244,99,57
3843,244,99,57
3844,244,196,57
3845,244,196,57
3846,244,99,57
3847,244,99,57
3848,85,99,57
3849,85,196,57
3850,85,99,57
3851,85,196,57
3852,203,223,64
3853,203,223,64
3854,203,223,64
3855,203,223,64
3856,203,223,64
3857,203,223,64
3858,203,223,64
3859,203,223,64
3860,203,223,64
3861,193,223,64
3862,195,227,3
3863,195,227,3
3864,195,227,3
3865,44,128,224
3866,44,128,224
3867,50,116,224
3868,50,116,224
3869,44,128,224
3870,44,128,224
3871,133,208,237
3872,133,208,237
3873,143,208,237
3874,133,208,237
3875,143,208,237
3876,143,208,237
3877,133,176,237
3878,133,176,237
3879,143,176,237
3880,133,176,237
3881,143,176,237
3882,143,176,237
3883,133,176,237
3884,133,176,237
3885,143,176,237
3886,133,176,237
3887,143,176,237
3888,143,176,237
3889,133,122,237
3890,143,122,237
3891,133,122,237
3892,143,122,237
3893,143,122,237
3894,133,176,237
3895,143,176,237
3896,133,176,237
3897,143,176,237
3898,143,176,237
3899,128,176,237
3900,138,176,237
3901,128,176,237
3902,138,176,237
3903,138,176,237
3904,128,176,237
3905,138,176,237
3906,128,176,237
3907,138,176,237
3908,138,176,237
3909,44,128,224
3910,44,128,224
3911,50,116,224
3912,50,116,224
3913,44,128,224
3914,44,128,224
3915,195,227,203
3916,195,227,203
3917,102,72,227
3918,140,72,227
3919,102,72,227
3920,140,72,227
3921,153,72,227
3922,105,72,227
3923,146,72,227
3924,105,72,227
3925,105,58,227
3926,146,72,227
3927,146,58,227
3928,161,72,227
3929,115,72,227
3930,156,72,227
3931,102,72,227
3932,140,72,227
3933,206,173,29
3934,206,173,29
3935,208,173,29
3936,208,173,29
3937,206,173,29
3938,206,173,29
3939,206,173,29
3940,206,173,29
3941,206,173,29
3942,206,173,29
3943,208,173,29
3944,208,173,29
3945,206,173,29
3946,206,173,29
3947,195,62,3
3948,195,62,3
3949,195,62,203
3950,195,62,203
3951,82,215,240
3952,82,215,240
3953,82,215,240
3954,82,215,240
3955,82,215,240
3956,82,215,240
3957,82,215,240
3958,79,215,240
3959,79,215,240
3960,79,207,240
3961,79,215,240
3962,79,215,240
3963,79,215,240
3964,79,215,240
3965,226,126,29
3966,226,126,29
3967,85,215,237
3968,85,215,237
3969,85,215,237
3970,85,215,237
3971,85,215,237
3972,85,215,237
3973,85,215,237
3974,96,215,237
3975,79,215,237
3976,79,215,237
3977,79,215,237
3978,79,215,237
3979,79,215,237
3980,79,215,237
3981,77,185,237
3982,77,185,237
3983,77,185,237
3984,77,185,237
3985,77,185,237
3986,77,185,237
3987,102,72,227
3988,140,72,227
3989,153,72,227
3990,105,72,227
3991,146,72,227
3992,105,72,227
3993,105,58,227
3994,146,72,227
3995,146,58,227
3996,161,72,227
3997,115,72,227
3998,156,72,227
3999,77,102,237
4000,77,102,237
4001,77,102,237
4002,77,102,237
4003,82,102,237
4004,82,102,237
4005,82,102,237
4006,82,102,237
4007,82,102,237
4008,74,70,237
4009,74,70,237
4010,74,70,237
4011,74,70,237
4012,74,70,237
4013,82,70,237
4014,82,70,237
4015,82,70,237
4016,82,70,237
4017,82,70,237
4018,105,128,224
4019,105,128,224
4020,111,116,224
4021,111,116,224
4022,105,128,224
4023,105,128,224
4024,111,116,224
4025,111,116,224
4026,82,215,240
4027,82,215,240
4028,82,215,240
4029,82,215,240
4030,82,215,240
4031,82,215,240
4032,82,215,240
4033,82,215,240
4034,79,215,240
4035,79,215,240
4036,79,215,240
4037,79,215,240
4038,79,215,240
4039,79,215,240
4040,79,215,240
4041,79,215,240
4042,105,128,224
4043,105,128,224
4044,111,116,224
4045,111,116,224
4046,105,128,224
4047,105,128,224
4048,111,116,224
4049,111,116,224
4050,85,215,237
4051,85,215,237
4052,85,215,237
4053,85,215,237
4054,85,215,237
4055,85,215,237
4056,85,215,237
4057,85,215,237
4058,79,215,237
4059,79,215,237
4060,79,215,237
4061,79,215,237
4062,79,215,237
4063,79,215,237
4064,79,215,237
4065,79,215,237
4066,77,185,237
4067,77,185,237
4068,77,185,237
4069,77,185,237
4070,77,185,237
4071,77,185,237
4072,77,128,224
4073,77,128,224
4074,75,116,224
4075,75,116,224
4076,77,128,224
4077,77,128,224
4078,75,116,224
4079,75,116,224
4080,77,128,224
4081,77,128,224
4082,75,116,224
4083,75,116,224
4084,77,128,224
4085,77,128,224
4086,75,116,224
4087,75,116,224
4088,102,72,227
4089,102,72,227
4090,140,72,227
4091,140,72,227
4092,102,72,227
4093,102,72,227
4094,140,72,227
4095,140,72,227
4096,153,72,227
4097,153,72,227
4098,105,72,227
4099,105,72,227
4100,146,72,227
4101,146,72,227
4102,105,72,227
4103,105,72,227
4104,105,58,227
4105,105,58,227
4106,146,72,227
4107,146,72,227
4108,146,58,227
4109,146,58,227
4110,161,72,227
4111,161,72,227
4112,153,72,227
4113,115,72,227
4114,156,72,227
4115,156,72,227
4116,226,126,29
4117,226,126,29
4118,226,126,29
4119,132,172,29
4120,132,172,29
4121,132,172,29
4122,132,172,29
4123,102,72,227
4124,140,72,227
4125,102,72,227
4126,140,72,227
4127,153,72,227
4128,105,72,227
4129,146,72,227
4130,105,72,227
4131,105,58,227
4132,146,72,227
4133,146,58,227
4134,153,72,227
4135,115,72,227
4136,156,72,227
4137,102,188,224
4138,102,188,224
4139,102,188,224
4140,102,188,224
4141,102,188,224
4142,118,188,224
4143,118,188,224
4144,118,188,224
4145,118,188,224
4146,118,188,224
4147,115,184,224
4148,115,184,224
4149,115,184,224
4150,115,184,224
4151,115,184,224
4152,130,184,224
4153,130,184,224
4154,130,184,224
4155,130,184,224
4156,130,184,224
4157,115,184,224
4158,115,184,224
4159,115,184,224
4160,115,184,224
4161,107,184,224
4162,107,184,224
4163,107,184,224
4164,107,184,224
4165,130,184,224
4166,135,253,212
4167,135,253,212
4168,95,253,212
4169,95,253,212
4170,95,45,212
4171,95,45,212
4172,135,253,212
4173,135,253,212
4174,143,253,212
4175,143,253,212
4176,148,45,212
4177,148,45,212
4178,95,45,212
4179,95,45,212
4180,148,45,212
4181,148,45,212
4182,95,253,212
4183,95,253,212
4184,143,253,212
4185,143,253,212
4186,135,253,212
4187,135,253,212
4188,135,253,212
4189,135,253,212
4190,95,253,212
4191,95,253,212
4192,95,253,212
4193,143,253,212
4194,143,253,212
4195,143,253,212
4196,95,45,212
4197,95,253,212
4198,95,253,212
4199,148,45,212
4200,95,253,212
4201,95,253,212
4202,95,253,212
4203,143,253,212
4204,143,253,212
4205,143,253,212
4206,95,45,212
4207,95,45,212
4208,143,253,212
4209,143,253,212
4210,102,36,212
4211,102,36,212
4212,138,36,212
4213,138,36,212
4214,135,253,212
4215,135,253,212
4216,135,253,212
4217,135,253,212
4218,199,234,144
4219,199,7,144
4220,102,36,212
4221,102,36,212
4222,138,36,212
4223,138,36,212
4224,143,253,212
4225,143,253,212
4226,143,253,212
4227,133,253,212
4228,133,253,212
4229,133,253,212
4230,135,253,212
4231,135,253,212
4232,135,253,212
4233,135,253,212
4234,135,253,212
4235,102,36,212
4236,102,36,212
4237,135,213,212
4238,135,213,212
4239,156,213,212
4240,156,213,212
4241,156,213,212
4242,95,253,212
4243,135,253,212
4244,143,253,212
4245,143,253,212
4246,95,45,212
4247,148,45,212
4248,102,45,212
4249,102,45,212
4250,138,36,212
4251,138,36,212
4252,143,253,212
4253,143,253,212
4254,143,253,212
4255,156,213,212
4256,133,253,212
4257,133,253,212
4258,135,253,212
4259,135,253,212
4260,135,253,212
4261,135,253,212
4262,135,253,212
4263,135,253,212
4264,135,213,212
4265,135,213,212
4266,135,213,212
4267,156,213,212
4268,156,213,212
4269,95,253,212
4270,95,253,212
4271,95,253,212
4272,143,253,212
4273,143,253,212
4274,95,45,212
4275,95,45,212
4276,148,45,212
4277,148,45,212
4278,95,253,212
4279,143,253,212
4280,95,253,212
4281,135,253,212
4282,143,253,212
4283,148,45,212
4284,24,253,212
4285,135,253,212
4286,95,253,212
4287,143,253,212
4288,95,45,212
4289,148,45,212
4290,102,36,212
4291,138,36,212
4292,138,36,212
4293,24,253,212
4294,24,253,212
4295,135,253,212
4296,135,253,212
4297,199,234,212
4298,102,36,212
4299,138,36,212
4300,143,253,212
4301,143,253,212
4302,143,253,212
4303,133,253,212
4304,133,253,212
4305,133,253,212
4306,24,253,212
4307,24,253,212
4308,24,253,212
4309,135,253,212
4310,135,253,212
4311,135,253,212
4312,135,213,212
4313,135,213,212
4314,138,36,212
4315,143,253,212
4316,156,213,212
4317,156,213,212
4318,95,253,212
4319,95,253,212
4320,143,253,212
4321,95,45,212
4322,95,45,212
4323,148,45,212
4324,102,36,212
4325,138,36,212
4326,135,253,212
4327,138,36,212
4328,143,253,212
4329,143,253,212
4330,143,253,212
4331,133,253,212
4332,133,253,212
4333,133,253,212
4334,24,253,212
4335,143,253,212
4336,95,45,212
4337,135,253,212
4338,135,213,212
4339,135,213,212
4340,156,213,212
4341,156,213,212
4342,95,253,212
4343,95,253,212
4344,143,253,212
4345,143,253,212
4346,95,45,212
4347,95,45,212
4348,148,45,212
4349,148,45,212
4350,82,207,240
4351,82,207,240
4352,79,207,240
4353,79,207,240
4354,82,207,240
4355,82,207,240
4356,79,207,240
4357,79,207,240
4358,135,2,219
4359,246,102,83
4360,183,40,67
4361,183,40,67
4362,183,40,67
4363,150,22,234
4364,150,22,234
4365,97,235,224
4366,97,235,224
4367,97,235,224
4368,113,235,224
4369,113,235,224
4370,97,235,224
4371,97,235,224
4372,113,235,224
4373,113,235,224
4374,97,235,224
4375,97,235,224
4376,97,235,224
4377,132,21,211
4378,132,21,211
4379,132,21,211
4380,142,21,211
4381,142,21,211
4382,142,21,211
4383,142,21,211
4384,137,184,24
4385,137,184,24
4386,137,184,24
4387,137,184,24
4388,185,6,31
4389,185,6,31
4390,185,6,31
4391,185,6,31
4392,45,150,57
4393,45,150,57
4394,45,150,57
4395,35,150,52
4396,35,52,52
4397,35,150,52
4398,35,150,52
4399,35,150,52
4400,33,28,229
4401,33,28,229
4402,119,122,254
4403,210,38,97
4404,210,38,97
4405,188,68,97
4406,188,68,97
4407,188,68,97
4408,188,68,97
4409,188,68,97
4410,188,68,97
4411,188,68,97
4412,188,68,97
4413,188,68,97
4414,168,125,209
4415,168,125,209
4416,168,125,209
4417,168,125,209
4418,181,245,209
4419,181,245,209
4420,181,245,209
4421,181,245,209
4422,168,125,209
4423,168,125,209
4424,168,125,209
4425,168,125,209
4426,196,245,209
4427,196,245,209
4428,196,245,209
4429,196,245,209
4430,110,186,57
4431,110,186,57
4432,110,186,57
4433,110,186,57
4434,110,186,57
4435,110,186,57
4436,110,186,57
4437,36,20,57
4438,52,20,57
4439,41,20,57
4440,52,20,57
4441,41,20,57
4442,52,20,57
4443,41,20,57
4444,52,20,57
4445,54,20,57
4446,214,233,153
4447,214,233,153
4448,214,233,153
4449,214,233,153
4450,172,164,236
4451,172,164,236
4452,172,164,236
4453,172,164,236
4454,188,164,236
4455,172,164,236
4456,111,42,31
4457,111,42,31
4458,127,42,31
4459,114,42,31
4460,167,155,247
4461,167,155,247
4462,115,95,21
4463,115,95,21
4464,168,155,222
4465,168,155,222
4466,189,155,222
4467,189,155,222
4468,168,155,222
4469,168,155,222
4470,189,155,222
4471,189,155,222
4472,168,155,222
4473,168,155,222
4474,189,155,222
4475,189,155,222
4476,145,228,8
4477,160,228,8
4478,145,228,8
4479,145,228,8
4480,145,228,8
4481,135,27,8
4482,135,22,8
4483,135,27,8
4484,135,53,24
4485,150,6,28
4486,195,196,83
4487,195,196,83
4488,195,60,83
4489,195,60,83
4490,214,221,191
4491,214,221,191
4492,214,221,191
4493,214,221,191
4494,214,221,191
4495,214,221,191
4496,214,221,191
4497,214,221,191
4498,214,221,191
4499,214,221,191
4500,214,221,191
4501,214,221,191
4502,103,17,228
4503,191,147,63
4504,180,17,63
4505,191,147,63
4506,62,102,50
4507,195,86,54
4508,195,86,54
4509,195,86,54
4510,195,86,54
4511,195,86,54
4512,195,86,54
4513,195,86,54
4514,195,86,54
4515,195,86,54
4516,152,243,57
4517,152,243,57
4518,184,162,93
4519,184,162,93
4520,152,243,57
4521,152,243,57
4522,152,243,57
4523,152,243,57
4524,152,243,57
4525,117,47,59
4526,119,65,59
4527,114,93,31
4528,114,93,31
4529,195,153,102
4530,36,22,11
4531,36,22,11
4532,36,22,11
4533,36,22,11
4534,142,251,135
4535,142,251,135
4536,142,251,135
4537,133,170,237
4538,133,170,237
4539,8,210,133
4540,8,210,133
4541,8,210,133
4542,8,210,133
4543,8,210,133
4544,8,210,133
4545,8,210,133
4546,8,210,133
4547,8,210,133
4548,8,210,133
4549,8,210,133
4550,8,210,133
4551,193,251,166
4552,193,212,151
4553,193,212,151
4554,193,212,151
4555,193,212,151
4556,193,212,151
4557,193,212,151
4558,193,212,151
4559,193,212,151
4560,24,215,133
4561,24,215,133
4562,92,215,133
4563,24,215,133
4564,24,215,133
4565,195,109,158
4566,195,109,158
4567,195,109,158
4568,195,109,158
4569,163,89,237
4570,163,89,237
4571,163,89,237
4572,163,89,237
4573,163,89,237
4574,163,89,237
4575,163,89,237
4576,163,89,237
4577,190,237,219
4578,190,237,219
4579,190,237,219
4580,190,237,219
4581,190,237,219
4582,190,237,219
4583,190,237,219
4584,190,242,219
4585,203,213,113
4586,203,213,113
4587,130,80,16
4588,130,80,16
4589,130,80,16
4590,130,80,16
4591,130,80,16
4592,130,80,16
4593,130,80,16
4594,170,157,130
4595,170,157,130
4596,170,157,130
4597,170,157,130
4598,170,157,130
4599,203,28,57
4600,203,28,57
4601,203,28,57
4602,203,28,57
4603,254,62,211
4604,254,62,211
4605,172,19,242
4606,172,19,242
4607,172,19,242
4608,172,19,242
4609,172,19,242
4610,172,19,242
4611,172,19,242
4612,172,19,242
4613,172,19,242
4614,223,204,244
4615,223,204,244
4616,223,204,244
4617,223,204,244
4618,137,190,62
4619,137,190,62
4620,137,190,62
4621,190,153,219
4622,190,153,219
4623,190,153,219
4624,190,153,219
4625,190,153,219
4626,180,159,234
4627,188,31,206
4628,188,31,206
4629,188,31,206
4630,188,31,206
4631,188,31,206
4632,220,155,183
4633,220,155,183
4634,220,155,183
4635,220,155,183
4636,220,155,183
4637,220,155,183
4638,155,22,41
4639,155,22,41
4640,229,22,41
4641,229,22,41
4642,183,22,41
4643,186,22,41
4644,188,22,41
4645,186,22,41
4646,191,221,143
4647,191,221,143
4648,191,221,143
4649,191,221,143
4650,191,221,143
4651,191,221,143
4652,180,176,239
4653,180,176,239
4654,180,176,239
4655,180,176,239
4656,119,128,229
4657,119,128,229
4658,119,128,229
4659,119,128,229
4660,180,244,239
4661,180,244,239
4662,155,151,216
4663,155,151,216
4664,155,151,216
4665,155,151,216
4666,174,235,38
4667,174,235,38
4668,174,235,38
4669,174,235,38
4670,174,235,38
4671,175,206,183
4672,175,206,183
4673,175,206,183
4674,175,206,183
4675,74,23,249
4676,74,23,249
4677,74,23,249
4678,74,23,249
4679,74,23,249
4680,205,2,41
4681,205,2,41
4682,205,2,41
4683,205,2,41
4684,205,2,41
4685,205,2,41
4686,196,187,148
4687,196,187,148
4688,196,187,148
4689,196,187,148
4690,196,187,148
4691,196,187,148
4692,196,187,148
4693,239,233,194
4694,239,233,194
4695,239,233,194
4696,239,233,194
4697,239,233,194
4698,239,233,194
4699,239,233,194
4700,239,233,194
4701,239,233,194
4702,239,233,194
4703,148,98,194
4704,148,98,194
4705,148,98,194
4706,148,98,194
4707,148,98,194
4708,148,98,194
4709,148,98,194
4710,148,98,194
4711,148,98,194
4712,148,98,194
4713,148,98,194
4714,148,98,194
4715,148,98,194
4716,148,98,194
4717,161,10,214
4718,161,10,214
4719,161,10,214
4720,161,10,214
4721,158,16,217
4722,158,16,217
4723,158,16,217
4724,158,16,217
4725,158,16,217
4726,158,16,217
4727,158,16,217
4728,155,151,216
4729,155,151,216
4730,155,151,216
4731,193,212,151
4732,155,151,216
4733,193,212,151
4734,161,10,214
4735,161,10,214
4736,193,212,151
4737,193,212,151
4738,193,212,151
4739,167,155,247
4740,167,155,247
4741,119,230,44
4742,77,60,219
4743,77,60,219
4744,77,60,219
4745,77,60,219
4746,22,60,219
4747,22,60,219
4748,22,60,219
4749,22,60,219
4750,22,60,219
4751,22,60,219
4752,22,60,219
4753,22,60,219
4754,117,105,216
4755,117,105,216
4756,117,105,216
4757,117,105,216
4758,117,105,216
4759,117,105,216
4760,117,105,216
4761,117,120,216
4762,200,105,249
4763,200,105,249
4764,200,105,249
4765,200,105,249
4766,200,105,249
4767,180,115,242
4768,115,95,21
4769,142,179,90
4770,142,179,90
4771,142,179,90
4772,142,179,90
4773,142,179,90
4774,142,179,90
4775,180,97,5
4776,180,97,5
4777,180,97,5
4778,180,97,5
4779,168,2,62
4780,168,2,62
4781,168,2,62
4782,168,2,62
4783,168,2,62
4784,168,2,62
4785,193,251,49
4786,193,251,49
4787,193,251,49
4788,193,251,49
4789,193,251,49
4790,193,251,49
4791,193,251,49
4792,193,251,49
4793,193,251,49
4794,193,251,49
4795,193,212,151
4796,32,186,240
4797,42,186,240
4798,42,186,240
4799,49,186,240
4800,49,186,240
4801,11,141,44
4802,11,141,44
4803,11,141,44
4804,11,141,44
4805,11,141,44
4806,11,141,44
4807,11,141,44
4808,193,12,49
4809,193,12,49
4810,193,12,49
4811,193,12,49
4812,193,12,49
4813,193,12,49
4814,193,12,49
4815,193,12,49
4816,132,134,105
4817,142,179,90
4818,142,179,90
4819,247,200,105
4820,247,200,105
4821,132,134,105
4822,66,230,69
4823,175,251,49
4824,175,251,49
4825,175,19,97
4826,132,134,105
4827,180,115,242
4828,214,23,161
4829,214,23,161
4830,214,23,161
4831,214,23,161
4832,188,115,242
4833,188,115,242
4834,193,212,151
4835,193,212,151
4836,193,212,151
4837,193,212,151
4838,167,155,247
4839,167,155,247
4840,167,155,247
4841,167,155,247
4842,167,155,247
4843,167,155,247
4844,167,155,247
4845,167,155,247
4846,119,230,44
4847,119,230,44
4848,175,19,97
4849,175,19,97
4850,175,19,97
4851,175,19,97
4852,175,19,97
4853,175,19,97
4854,175,19,97
4855,188,115,242
4856,188,115,242
4857,160,62,221
4858,127,62,221
4859,127,62,221
4860,127,62,221
4861,127,62,221
4862,205,181,16
4863,205,181,16
4864,205,181,16
4865,193,12,49
4866,193,12,49
4867,34,41,79
4868,34,41,79
4869,34,41,79
4870,34,41,79
4871,34,41,79
4872,34,41,79
4873,34,41,79
4874,34,41,79
4875,34,41,79
4876,34,41,79
4877,132,225,118
4878,132,225,118
4879,132,225,118
4880,132,225,118
4881,132,225,118
4882,132,225,118
4883,132,225,118
4884,77,60,219
4885,77,60,219
4886,77,60,219
4887,34,41,79
4888,34,41,79
4889,66,230,69
4890,66,230,69
4891,66,230,69
4892,66,230,69
4893,66,230,69
4894,114,12,247
4895,114,12,247
4896,114,12,247
4897,114,12,247
4898,114,12,247
4899,114,12,247
4900,114,12,247
4901,114,12,247
4902,114,12,247
4903,114,12,247
4904,132,9,24
4905,132,9,24
4906,247,200,105
4907,247,200,105
4908,247,200,105
4909,247,200,105
4910,175,19,97
4911,175,19,97
4912,175,19,97
4913,66,230,69
4914,66,230,69
4915,66,230,69
4916,39,220,128
4917,39,220,128
4918,39,220,128
4919,135,23,214
4920,135,23,214
4921,135,23,214
4922,135,23,214
4923,135,23,214
4924,135,23,214
4925,135,23,214
4926,135,23,214
4927,135,23,214
4928,135,23,214
4929,135,23,214
4930,135,23,214
4931,64,29,217
4932,64,29,217
4933,64,29,217
4934,64,29,217
4935,64,29,217
4936,64,29,217
4937,64,29,217
4938,64,29,217
4939,85,106,166
4940,85,106,166
4941,85,106,166
4942,85,106,166
4943,104,12,247
4944,104,12,247
4945,104,12,247
4946,104,12,247
4947,91,12,247
4948,91,12,247
4949,111,7,11
4950,111,7,11
4951,252,167,108
4952,252,167,108
4953,252,167,108
4954,252,167,108
4955,247,200,105
4956,247,200,105
4957,183,40,67
4958,183,40,67
4959,183,40,67
4960,183,183,67
4961,183,40,67
4962,183,40,67
4963,183,40,67
4964,183,40,67
4965,183,40,67
4966,247,200,105
4967,247,200,105
4968,246,102,83
4969,246,102,83
4970,246,102,83
4971,246,102,83
4972,246,102,83
4973,175,109,55
4974,160,107,48
4975,160,107,48
4976,160,107,48
4977,160,107,48
4978,190,197,48
4979,60,23,203
4980,197,3,202
4981,185,62,203
4982,185,62,203
4983,185,62,203
4984,185,62,203
4985,185,62,203
4986,231,62,203
4987,226,126,29
4988,226,126,29
4989,226,126,29
4990,226,126,29
4991,226,126,29
4992,226,126,29
4993,185,245,46
4994,177,245,46
4995,144,57,8
4996,144,57,8
4997,132,172,29
4998,132,172,29
4999,132,172,29
5000,132,172,29
5001,203,63,24
5002,203,63,24
5003,203,63,24
5004,9,112,113
5005,9,112,113
5006,9,112,113
5007,9,112,113
5008,200,42,29
5009,200,42,29
5010,80,155,137
5011,80,155,137
5012,217,33,73
5013,217,33,73
5014,236,30,74
5015,236,30,74
5016,170,37,8
5017,170,37,8
5018,170,37,8
5019,170,37,8
5020,163,207,244
5021,163,207,244
5022,163,207,244
5023,163,207,244
5024,163,207,244
5025,163,207,244
5026,163,207,244
5027,163,207,244
5028,170,63,8
5029,170,63,8
5030,8,138,193
5031,8,138,193
5032,33,18,219
5033,69,39,219
5034,69,39,219
5035,236,30,74
5036,236,30,74
5037,157,37,244
5038,157,37,244
5039,157,37,244
5040,157,37,244
5041,157,37,244
5042,157,37,244
5043,165,212,41
5044,165,212,41
5045,28,64,135
5046,28,64,135
5047,28,64,135
5048,173,134,138
5049,173,134,138
5050,175,153,138
5051,175,153,138
5052,241,199,134
5053,196,173,209
5054,196,173,209
5055,191,39,209
5056,191,39,209
5057,114,239,203
5058,114,239,203
5059,244,8,158
5060,244,8,158
5061,244,8,158
5062,244,8,158
5063,201,33,219
5064,201,33,219
5065,201,33,219
5066,201,33,219
5067,201,33,219
5068,3,253,201
5069,3,253,201
5070,3,253,201
5071,3,253,201
5072,13,253,201
5073,141,249,108
5074,160,249,108
5075,200,210,110
5076,200,94,110
